"date","state","state_abbrev","confirmed","deaths","tests","positives","recovered","hosp","icu","vent"
2020-01-25,"Australian Capital Territory","ACT",0,0,0,0,0,0,0,0
2020-01-25,"New South Wales","NSW",3,0,0,0,0,0,0,0
2020-01-25,"Northern Territory","NT",0,0,0,0,0,0,0,0
2020-01-25,"Queensland","QLD",0,0,0,0,0,0,0,0
2020-01-25,"South Australia","SA",0,0,0,0,0,0,0,0
2020-01-25,"Tasmania","TAS",0,0,0,0,0,0,0,0
2020-01-25,"Victoria","VIC",1,0,0,0,0,0,0,0
2020-01-25,"Western Australia","WA",0,0,0,0,0,0,0,0
2020-01-26,"Australian Capital Territory","ACT",0,0,0,0,0,0,0,0
2020-01-26,"New South Wales","NSW",3,0,0,0,0,0,0,0
2020-01-26,"Northern Territory","NT",0,0,0,0,0,0,0,0
2020-01-26,"Queensland","QLD",0,0,0,0,0,0,0,0
2020-01-26,"South Australia","SA",0,0,0,0,0,0,0,0
2020-01-26,"Tasmania","TAS",0,0,0,0,0,0,0,0
2020-01-26,"Victoria","VIC",1,0,0,0,0,0,0,0
2020-01-26,"Western Australia","WA",0,0,0,0,0,0,0,0
2020-01-27,"Australian Capital Territory","ACT",0,0,0,0,0,0,0,0
2020-01-27,"New South Wales","NSW",4,0,0,0,0,0,0,0
2020-01-27,"Northern Territory","NT",0,0,0,0,0,0,0,0
2020-01-27,"Queensland","QLD",0,0,0,0,0,0,0,0
2020-01-27,"South Australia","SA",0,0,0,0,0,0,0,0
2020-01-27,"Tasmania","TAS",0,0,0,0,0,0,0,0
2020-01-27,"Victoria","VIC",1,0,0,0,0,0,0,0
2020-01-27,"Western Australia","WA",0,0,0,0,0,0,0,0
2020-01-28,"Australian Capital Territory","ACT",0,0,0,0,0,0,0,0
2020-01-28,"New South Wales","NSW",4,0,0,0,0,0,0,0
2020-01-28,"Northern Territory","NT",0,0,0,0,0,0,0,0
2020-01-28,"Queensland","QLD",0,0,0,0,0,0,0,0
2020-01-28,"South Australia","SA",0,0,0,0,0,0,0,0
2020-01-28,"Tasmania","TAS",0,0,0,0,0,0,0,0
2020-01-28,"Victoria","VIC",1,0,0,0,0,0,0,0
2020-01-28,"Western Australia","WA",0,0,0,0,0,0,0,0
2020-01-29,"Australian Capital Territory","ACT",0,0,0,0,0,0,0,0
2020-01-29,"New South Wales","NSW",4,0,0,0,0,0,0,0
2020-01-29,"Northern Territory","NT",0,0,0,0,0,0,0,0
2020-01-29,"Queensland","QLD",2,0,0,0,0,0,0,0
2020-01-29,"South Australia","SA",0,0,0,0,0,0,0,0
2020-01-29,"Tasmania","TAS",0,0,0,0,0,0,0,0
2020-01-29,"Victoria","VIC",3,0,0,0,0,0,0,0
2020-01-29,"Western Australia","WA",0,0,0,0,0,0,0,0
2020-01-30,"Australian Capital Territory","ACT",0,0,0,0,0,0,0,0
2020-01-30,"New South Wales","NSW",4,0,0,0,0,0,0,0
2020-01-30,"Northern Territory","NT",0,0,0,0,0,0,0,0
2020-01-30,"Queensland","QLD",2,0,0,0,0,0,0,0
2020-01-30,"South Australia","SA",0,0,0,0,0,0,0,0
2020-01-30,"Tasmania","TAS",0,0,0,0,0,0,0,0
2020-01-30,"Victoria","VIC",3,0,0,0,0,0,0,0
2020-01-30,"Western Australia","WA",0,0,0,0,0,0,0,0
2020-01-31,"Australian Capital Territory","ACT",0,0,0,0,0,0,0,0
2020-01-31,"New South Wales","NSW",4,0,0,0,0,0,0,0
2020-01-31,"Northern Territory","NT",0,0,0,0,0,0,0,0
2020-01-31,"Queensland","QLD",2,0,0,0,0,0,0,0
2020-01-31,"South Australia","SA",0,0,0,0,0,0,0,0
2020-01-31,"Tasmania","TAS",0,0,0,0,0,0,0,0
2020-01-31,"Victoria","VIC",3,0,0,0,0,0,0,0
2020-01-31,"Western Australia","WA",0,0,0,0,0,0,0,0
2020-02-01,"Australian Capital Territory","ACT",0,0,0,0,0,0,0,0
2020-02-01,"New South Wales","NSW",4,0,0,0,0,0,0,0
2020-02-01,"Northern Territory","NT",0,0,0,0,0,0,0,0
2020-02-01,"Queensland","QLD",2,0,0,0,0,0,0,0
2020-02-01,"South Australia","SA",0,0,0,0,0,0,0,0
2020-02-01,"Tasmania","TAS",0,0,0,0,0,0,0,0
2020-02-01,"Victoria","VIC",4,0,0,0,0,0,0,0
2020-02-01,"Western Australia","WA",0,0,0,0,0,0,0,0
2020-02-02,"Australian Capital Territory","ACT",0,0,0,0,0,0,0,0
2020-02-02,"New South Wales","NSW",4,0,0,0,0,0,0,0
2020-02-02,"Northern Territory","NT",0,0,0,0,0,0,0,0
2020-02-02,"Queensland","QLD",2,0,0,0,0,0,0,0
2020-02-02,"South Australia","SA",2,0,0,0,0,0,0,0
2020-02-02,"Tasmania","TAS",0,0,0,0,0,0,0,0
2020-02-02,"Victoria","VIC",4,0,0,0,0,0,0,0
2020-02-02,"Western Australia","WA",0,0,0,0,0,0,0,0
2020-02-03,"Australian Capital Territory","ACT",0,0,0,0,0,0,0,0
2020-02-03,"New South Wales","NSW",4,0,0,0,0,0,0,0
2020-02-03,"Northern Territory","NT",0,0,0,0,0,0,0,0
2020-02-03,"Queensland","QLD",2,0,0,0,0,0,0,0
2020-02-03,"South Australia","SA",2,0,0,0,0,0,0,0
2020-02-03,"Tasmania","TAS",0,0,0,0,0,0,0,0
2020-02-03,"Victoria","VIC",4,0,0,0,0,0,0,0
2020-02-03,"Western Australia","WA",0,0,0,0,0,0,0,0
2020-02-04,"Australian Capital Territory","ACT",0,0,0,0,0,0,0,0
2020-02-04,"New South Wales","NSW",4,0,0,0,0,0,0,0
2020-02-04,"Northern Territory","NT",0,0,0,0,0,0,0,0
2020-02-04,"Queensland","QLD",3,0,0,0,0,0,0,0
2020-02-04,"South Australia","SA",2,0,0,0,0,0,0,0
2020-02-04,"Tasmania","TAS",0,0,0,0,0,0,0,0
2020-02-04,"Victoria","VIC",4,0,0,0,0,0,0,0
2020-02-04,"Western Australia","WA",0,0,0,0,0,0,0,0
2020-02-05,"Australian Capital Territory","ACT",0,0,0,0,0,0,0,0
2020-02-05,"New South Wales","NSW",4,0,0,0,0,0,0,0
2020-02-05,"Northern Territory","NT",0,0,0,0,0,0,0,0
2020-02-05,"Queensland","QLD",4,0,0,0,0,0,0,0
2020-02-05,"South Australia","SA",2,0,0,0,0,0,0,0
2020-02-05,"Tasmania","TAS",0,0,0,0,0,0,0,0
2020-02-05,"Victoria","VIC",4,0,0,0,0,0,0,0
2020-02-05,"Western Australia","WA",0,0,0,0,0,0,0,0
2020-02-06,"Australian Capital Territory","ACT",0,0,0,0,0,0,0,0
2020-02-06,"New South Wales","NSW",4,0,0,0,0,0,0,0
2020-02-06,"Northern Territory","NT",0,0,0,0,0,0,0,0
2020-02-06,"Queensland","QLD",5,0,0,0,0,0,0,0
2020-02-06,"South Australia","SA",2,0,0,0,0,0,0,0
2020-02-06,"Tasmania","TAS",0,0,0,0,0,0,0,0
2020-02-06,"Victoria","VIC",4,0,0,0,0,0,0,0
2020-02-06,"Western Australia","WA",0,0,0,0,0,0,0,0
2020-02-07,"Australian Capital Territory","ACT",0,0,0,0,0,0,0,0
2020-02-07,"New South Wales","NSW",4,0,0,0,0,0,0,0
2020-02-07,"Northern Territory","NT",0,0,0,0,0,0,0,0
2020-02-07,"Queensland","QLD",5,0,0,0,0,0,0,0
2020-02-07,"South Australia","SA",2,0,0,0,0,0,0,0
2020-02-07,"Tasmania","TAS",0,0,0,0,0,0,0,0
2020-02-07,"Victoria","VIC",4,0,0,0,0,0,0,0
2020-02-07,"Western Australia","WA",0,0,0,0,0,0,0,0
2020-02-08,"Australian Capital Territory","ACT",0,0,0,0,0,0,0,0
2020-02-08,"New South Wales","NSW",4,0,0,0,0,0,0,0
2020-02-08,"Northern Territory","NT",0,0,0,0,0,0,0,0
2020-02-08,"Queensland","QLD",5,0,0,0,0,0,0,0
2020-02-08,"South Australia","SA",2,0,0,0,0,0,0,0
2020-02-08,"Tasmania","TAS",0,0,0,0,0,0,0,0
2020-02-08,"Victoria","VIC",4,0,0,0,0,0,0,0
2020-02-08,"Western Australia","WA",0,0,0,0,0,0,0,0
2020-02-09,"Australian Capital Territory","ACT",0,0,0,0,0,0,0,0
2020-02-09,"New South Wales","NSW",4,0,0,0,0,0,0,0
2020-02-09,"Northern Territory","NT",0,0,0,0,0,0,0,0
2020-02-09,"Queensland","QLD",5,0,0,0,0,0,0,0
2020-02-09,"South Australia","SA",2,0,0,0,0,0,0,0
2020-02-09,"Tasmania","TAS",0,0,0,0,0,0,0,0
2020-02-09,"Victoria","VIC",4,0,0,0,0,0,0,0
2020-02-09,"Western Australia","WA",0,0,0,0,0,0,0,0
2020-02-10,"Australian Capital Territory","ACT",0,0,0,0,0,0,0,0
2020-02-10,"New South Wales","NSW",4,0,0,0,0,0,0,0
2020-02-10,"Northern Territory","NT",0,0,0,0,0,0,0,0
2020-02-10,"Queensland","QLD",5,0,0,0,0,0,0,0
2020-02-10,"South Australia","SA",2,0,0,0,0,0,0,0
2020-02-10,"Tasmania","TAS",0,0,0,0,0,0,0,0
2020-02-10,"Victoria","VIC",4,0,0,0,0,0,0,0
2020-02-10,"Western Australia","WA",0,0,0,0,0,0,0,0
2020-02-11,"Australian Capital Territory","ACT",0,0,0,0,0,0,0,0
2020-02-11,"New South Wales","NSW",4,0,0,0,0,0,0,0
2020-02-11,"Northern Territory","NT",0,0,0,0,0,0,0,0
2020-02-11,"Queensland","QLD",5,0,0,0,0,0,0,0
2020-02-11,"South Australia","SA",2,0,0,0,0,0,0,0
2020-02-11,"Tasmania","TAS",0,0,0,0,0,0,0,0
2020-02-11,"Victoria","VIC",4,0,0,0,0,0,0,0
2020-02-11,"Western Australia","WA",0,0,0,0,0,0,0,0
2020-02-12,"Australian Capital Territory","ACT",0,0,0,0,0,0,0,0
2020-02-12,"New South Wales","NSW",4,0,0,0,0,0,0,0
2020-02-12,"Northern Territory","NT",0,0,0,0,0,0,0,0
2020-02-12,"Queensland","QLD",5,0,0,0,0,0,0,0
2020-02-12,"South Australia","SA",2,0,0,0,0,0,0,0
2020-02-12,"Tasmania","TAS",0,0,0,0,0,0,0,0
2020-02-12,"Victoria","VIC",4,0,0,0,0,0,0,0
2020-02-12,"Western Australia","WA",0,0,0,0,0,0,0,0
2020-02-13,"Australian Capital Territory","ACT",0,0,0,0,0,0,0,0
2020-02-13,"New South Wales","NSW",4,0,0,0,0,0,0,0
2020-02-13,"Northern Territory","NT",0,0,0,0,0,0,0,0
2020-02-13,"Queensland","QLD",5,0,0,0,0,0,0,0
2020-02-13,"South Australia","SA",2,0,0,0,0,0,0,0
2020-02-13,"Tasmania","TAS",0,0,0,0,0,0,0,0
2020-02-13,"Victoria","VIC",4,0,0,0,0,0,0,0
2020-02-13,"Western Australia","WA",0,0,0,0,0,0,0,0
2020-02-14,"Australian Capital Territory","ACT",0,0,0,0,0,0,0,0
2020-02-14,"New South Wales","NSW",4,0,0,0,0,0,0,0
2020-02-14,"Northern Territory","NT",0,0,0,0,0,0,0,0
2020-02-14,"Queensland","QLD",5,0,0,0,0,0,0,0
2020-02-14,"South Australia","SA",2,0,0,0,0,0,0,0
2020-02-14,"Tasmania","TAS",0,0,0,0,0,0,0,0
2020-02-14,"Victoria","VIC",4,0,0,0,0,0,0,0
2020-02-14,"Western Australia","WA",0,0,0,0,0,0,0,0
2020-02-15,"Australian Capital Territory","ACT",0,0,0,0,0,0,0,0
2020-02-15,"New South Wales","NSW",4,0,0,0,0,0,0,0
2020-02-15,"Northern Territory","NT",0,0,0,0,0,0,0,0
2020-02-15,"Queensland","QLD",5,0,0,0,0,0,0,0
2020-02-15,"South Australia","SA",2,0,0,0,0,0,0,0
2020-02-15,"Tasmania","TAS",0,0,0,0,0,0,0,0
2020-02-15,"Victoria","VIC",4,0,0,0,0,0,0,0
2020-02-15,"Western Australia","WA",0,0,0,0,0,0,0,0
2020-02-16,"Australian Capital Territory","ACT",0,0,0,0,0,0,0,0
2020-02-16,"New South Wales","NSW",4,0,0,0,0,0,0,0
2020-02-16,"Northern Territory","NT",0,0,0,0,0,0,0,0
2020-02-16,"Queensland","QLD",5,0,0,0,0,0,0,0
2020-02-16,"South Australia","SA",2,0,0,0,0,0,0,0
2020-02-16,"Tasmania","TAS",0,0,0,0,0,0,0,0
2020-02-16,"Victoria","VIC",4,0,0,0,0,0,0,0
2020-02-16,"Western Australia","WA",0,0,0,0,0,0,0,0
2020-02-17,"Australian Capital Territory","ACT",0,0,0,0,0,0,0,0
2020-02-17,"New South Wales","NSW",4,0,0,0,0,0,0,0
2020-02-17,"Northern Territory","NT",0,0,0,0,0,0,0,0
2020-02-17,"Queensland","QLD",5,0,0,0,0,0,0,0
2020-02-17,"South Australia","SA",2,0,0,0,0,0,0,0
2020-02-17,"Tasmania","TAS",0,0,0,0,0,0,0,0
2020-02-17,"Victoria","VIC",4,0,0,0,0,0,0,0
2020-02-17,"Western Australia","WA",0,0,0,0,0,0,0,0
2020-02-18,"Australian Capital Territory","ACT",0,0,0,0,0,0,0,0
2020-02-18,"New South Wales","NSW",4,0,0,0,0,0,0,0
2020-02-18,"Northern Territory","NT",0,0,0,0,0,0,0,0
2020-02-18,"Queensland","QLD",5,0,0,0,0,0,0,0
2020-02-18,"South Australia","SA",2,0,0,0,0,0,0,0
2020-02-18,"Tasmania","TAS",0,0,0,0,0,0,0,0
2020-02-18,"Victoria","VIC",4,0,0,0,0,0,0,0
2020-02-18,"Western Australia","WA",0,0,0,0,0,0,0,0
2020-02-19,"Australian Capital Territory","ACT",0,0,0,0,0,0,0,0
2020-02-19,"New South Wales","NSW",4,0,0,0,0,0,0,0
2020-02-19,"Northern Territory","NT",0,0,0,0,0,0,0,0
2020-02-19,"Queensland","QLD",5,0,0,0,0,0,0,0
2020-02-19,"South Australia","SA",2,0,0,0,0,0,0,0
2020-02-19,"Tasmania","TAS",0,0,0,0,0,0,0,0
2020-02-19,"Victoria","VIC",4,0,0,0,0,0,0,0
2020-02-19,"Western Australia","WA",0,0,0,0,0,0,0,0
2020-02-20,"Australian Capital Territory","ACT",0,0,0,0,0,0,0,0
2020-02-20,"New South Wales","NSW",4,0,0,0,0,0,0,0
2020-02-20,"Northern Territory","NT",0,0,0,0,0,0,0,0
2020-02-20,"Queensland","QLD",5,0,0,0,0,0,0,0
2020-02-20,"South Australia","SA",2,0,0,0,0,0,0,0
2020-02-20,"Tasmania","TAS",0,0,0,0,0,0,0,0
2020-02-20,"Victoria","VIC",4,0,0,0,0,0,0,0
2020-02-20,"Western Australia","WA",0,0,0,0,0,0,0,0
2020-02-21,"Australian Capital Territory","ACT",0,0,0,0,0,0,0,0
2020-02-21,"New South Wales","NSW",4,0,0,0,0,0,0,0
2020-02-21,"Northern Territory","NT",0,0,0,0,0,0,0,0
2020-02-21,"Queensland","QLD",7,0,0,0,0,0,0,0
2020-02-21,"South Australia","SA",3,0,0,0,0,0,0,0
2020-02-21,"Tasmania","TAS",0,0,0,0,0,0,0,0
2020-02-21,"Victoria","VIC",4,0,0,0,0,0,0,0
2020-02-21,"Western Australia","WA",1,0,0,0,0,0,0,0
2020-02-22,"Australian Capital Territory","ACT",0,0,0,0,0,0,0,0
2020-02-22,"New South Wales","NSW",4,0,0,0,0,0,0,0
2020-02-22,"Northern Territory","NT",0,0,0,0,0,0,0,0
2020-02-22,"Queensland","QLD",8,0,0,0,0,0,0,0
2020-02-22,"South Australia","SA",3,0,0,0,0,0,0,0
2020-02-22,"Tasmania","TAS",0,0,0,0,0,0,0,0
2020-02-22,"Victoria","VIC",4,0,0,0,0,0,0,0
2020-02-22,"Western Australia","WA",1,0,0,0,0,0,0,0
2020-02-23,"Australian Capital Territory","ACT",0,0,0,0,0,0,0,0
2020-02-23,"New South Wales","NSW",4,0,0,0,0,0,0,0
2020-02-23,"Northern Territory","NT",0,0,0,0,0,0,0,0
2020-02-23,"Queensland","QLD",8,0,0,0,0,0,0,0
2020-02-23,"South Australia","SA",3,0,0,0,0,0,0,0
2020-02-23,"Tasmania","TAS",0,0,0,0,0,0,0,0
2020-02-23,"Victoria","VIC",4,0,0,0,0,0,0,0
2020-02-23,"Western Australia","WA",1,0,0,0,0,0,0,0
2020-02-24,"Australian Capital Territory","ACT",0,0,0,0,0,0,0,0
2020-02-24,"New South Wales","NSW",4,0,0,0,0,0,0,0
2020-02-24,"Northern Territory","NT",0,0,0,0,0,0,0,0
2020-02-24,"Queensland","QLD",8,0,0,0,0,0,0,0
2020-02-24,"South Australia","SA",3,0,0,0,0,0,0,0
2020-02-24,"Tasmania","TAS",0,0,0,0,0,0,0,0
2020-02-24,"Victoria","VIC",4,0,0,0,0,0,0,0
2020-02-24,"Western Australia","WA",1,0,0,0,0,0,0,0
2020-02-25,"Australian Capital Territory","ACT",0,0,0,0,0,0,0,0
2020-02-25,"New South Wales","NSW",4,0,0,0,0,0,0,0
2020-02-25,"Northern Territory","NT",0,0,0,0,0,0,0,0
2020-02-25,"Queensland","QLD",8,0,0,0,0,0,0,0
2020-02-25,"South Australia","SA",3,0,0,0,0,0,0,0
2020-02-25,"Tasmania","TAS",0,0,0,0,0,0,0,0
2020-02-25,"Victoria","VIC",4,0,0,0,0,0,0,0
2020-02-25,"Western Australia","WA",1,0,0,0,0,0,0,0
2020-02-26,"Australian Capital Territory","ACT",0,0,0,0,0,0,0,0
2020-02-26,"New South Wales","NSW",4,0,0,0,0,0,0,0
2020-02-26,"Northern Territory","NT",0,0,0,0,0,0,0,0
2020-02-26,"Queensland","QLD",8,0,0,0,0,0,0,0
2020-02-26,"South Australia","SA",3,0,0,0,0,0,0,0
2020-02-26,"Tasmania","TAS",0,0,0,0,0,0,0,0
2020-02-26,"Victoria","VIC",4,0,0,0,0,0,0,0
2020-02-26,"Western Australia","WA",1,0,0,0,0,0,0,0
2020-02-27,"Australian Capital Territory","ACT",0,0,0,0,0,0,0,0
2020-02-27,"New South Wales","NSW",4,0,0,0,0,0,0,0
2020-02-27,"Northern Territory","NT",0,0,0,0,0,0,0,0
2020-02-27,"Queensland","QLD",8,0,0,0,0,0,0,0
2020-02-27,"South Australia","SA",3,0,0,0,0,0,0,0
2020-02-27,"Tasmania","TAS",0,0,0,0,0,0,0,0
2020-02-27,"Victoria","VIC",7,0,0,0,0,0,0,0
2020-02-27,"Western Australia","WA",1,0,0,0,0,0,0,0
2020-02-28,"Australian Capital Territory","ACT",0,0,0,0,0,0,0,0
2020-02-28,"New South Wales","NSW",4,0,0,0,0,0,0,0
2020-02-28,"Northern Territory","NT",0,0,0,0,0,0,0,0
2020-02-28,"Queensland","QLD",9,0,0,0,0,0,0,0
2020-02-28,"South Australia","SA",3,0,0,0,0,0,0,0
2020-02-28,"Tasmania","TAS",0,0,0,0,0,0,0,0
2020-02-28,"Victoria","VIC",7,0,0,0,0,0,0,0
2020-02-28,"Western Australia","WA",2,0,0,0,0,0,0,0
2020-02-29,"Australian Capital Territory","ACT",0,0,0,0,0,0,0,0
2020-02-29,"New South Wales","NSW",4,0,0,0,0,0,0,0
2020-02-29,"Northern Territory","NT",0,0,0,0,0,0,0,0
2020-02-29,"Queensland","QLD",9,0,0,0,0,0,0,0
2020-02-29,"South Australia","SA",3,0,0,0,0,0,0,0
2020-02-29,"Tasmania","TAS",0,0,0,0,0,0,0,0
2020-02-29,"Victoria","VIC",7,0,0,0,0,0,0,0
2020-02-29,"Western Australia","WA",2,0,0,0,0,0,0,0
2020-03-01,"Australian Capital Territory","ACT",0,0,0,0,0,0,0,0
2020-03-01,"New South Wales","NSW",5,0,0,5,0,0,0,0
2020-03-01,"Northern Territory","NT",0,0,0,0,0,0,0,0
2020-03-01,"Queensland","QLD",9,0,0,9,0,0,0,0
2020-03-01,"South Australia","SA",3,0,0,3,0,0,0,0
2020-03-01,"Tasmania","TAS",0,0,0,0,0,0,0,0
2020-03-01,"Victoria","VIC",9,0,0,9,0,0,0,0
2020-03-01,"Western Australia","WA",2,1,0,2,0,0,0,0
2020-03-02,"Australian Capital Territory","ACT",0,0,0,0,0,0,0,0
2020-03-02,"New South Wales","NSW",9,0,0,9,0,0,0,0
2020-03-02,"Northern Territory","NT",0,0,0,0,0,0,0,0
2020-03-02,"Queensland","QLD",9,0,0,9,0,0,0,0
2020-03-02,"South Australia","SA",3,0,0,3,0,0,0,0
2020-03-02,"Tasmania","TAS",0,0,0,0,0,0,0,0
2020-03-02,"Victoria","VIC",9,0,0,9,0,0,0,0
2020-03-02,"Western Australia","WA",2,1,0,2,0,0,0,0
2020-03-03,"Australian Capital Territory","ACT",0,0,0,0,0,0,0,0
2020-03-03,"New South Wales","NSW",15,1,0,15,0,0,0,0
2020-03-03,"Northern Territory","NT",0,0,0,0,0,0,0,0
2020-03-03,"Queensland","QLD",10,0,0,10,0,0,0,0
2020-03-03,"South Australia","SA",3,0,0,3,0,0,0,0
2020-03-03,"Tasmania","TAS",1,0,0,1,0,0,0,0
2020-03-03,"Victoria","VIC",9,0,0,9,0,0,0,0
2020-03-03,"Western Australia","WA",2,1,0,2,0,0,0,0
2020-03-04,"Australian Capital Territory","ACT",0,0,0,0,0,0,0,0
2020-03-04,"New South Wales","NSW",22,1,0,22,0,0,0,0
2020-03-04,"Northern Territory","NT",0,0,0,0,0,0,0,0
2020-03-04,"Queensland","QLD",11,0,0,11,0,0,0,0
2020-03-04,"South Australia","SA",5,0,0,5,0,0,0,0
2020-03-04,"Tasmania","TAS",1,0,0,1,0,0,0,0
2020-03-04,"Victoria","VIC",10,0,0,10,0,0,0,0
2020-03-04,"Western Australia","WA",2,1,0,2,0,0,0,0
2020-03-05,"Australian Capital Territory","ACT",0,0,0,0,0,0,0,0
2020-03-05,"New South Wales","NSW",25,1,0,25,0,0,0,0
2020-03-05,"Northern Territory","NT",0,0,0,0,0,0,0,0
2020-03-05,"Queensland","QLD",13,0,0,13,0,0,0,0
2020-03-05,"South Australia","SA",7,0,0,7,0,0,0,0
2020-03-05,"Tasmania","TAS",1,0,0,1,0,0,0,0
2020-03-05,"Victoria","VIC",10,0,0,10,0,0,0,0
2020-03-05,"Western Australia","WA",3,1,0,3,0,0,0,0
2020-03-06,"Australian Capital Territory","ACT",0,0,0,0,0,0,0,0
2020-03-06,"New South Wales","NSW",28,1,0,28,0,0,0,0
2020-03-06,"Northern Territory","NT",0,0,0,0,0,0,0,0
2020-03-06,"Queensland","QLD",14,0,0,14,0,0,0,0
2020-03-06,"South Australia","SA",7,0,0,7,0,0,0,0
2020-03-06,"Tasmania","TAS",1,0,0,1,0,0,0,0
2020-03-06,"Victoria","VIC",10,0,0,10,0,0,0,0
2020-03-06,"Western Australia","WA",3,1,0,3,0,0,0,0
2020-03-07,"Australian Capital Territory","ACT",0,0,0,0,0,0,0,0
2020-03-07,"New South Wales","NSW",36,1,7214,36,0,0,0,0
2020-03-07,"Northern Territory","NT",0,0,0,0,0,0,0,0
2020-03-07,"Queensland","QLD",14,0,0,14,0,0,0,0
2020-03-07,"South Australia","SA",7,0,0,7,0,0,0,0
2020-03-07,"Tasmania","TAS",2,0,0,2,0,0,0,0
2020-03-07,"Victoria","VIC",11,0,0,11,0,0,0,0
2020-03-07,"Western Australia","WA",3,1,0,3,0,0,0,0
2020-03-08,"Australian Capital Territory","ACT",0,0,0,0,0,0,0,0
2020-03-08,"New South Wales","NSW",40,1,8008,40,0,0,0,0
2020-03-08,"Northern Territory","NT",0,0,0,0,0,0,0,0
2020-03-08,"Queensland","QLD",15,0,0,15,0,0,0,0
2020-03-08,"South Australia","SA",7,0,0,7,0,0,0,0
2020-03-08,"Tasmania","TAS",2,0,0,2,0,0,0,0
2020-03-08,"Victoria","VIC",12,0,0,12,0,0,0,0
2020-03-08,"Western Australia","WA",4,1,0,4,0,0,0,0
2020-03-09,"Australian Capital Territory","ACT",0,0,0,0,0,0,0,0
2020-03-09,"New South Wales","NSW",47,2,8371,47,0,0,0,0
2020-03-09,"Northern Territory","NT",0,0,0,0,0,0,0,0
2020-03-09,"Queensland","QLD",15,0,0,15,0,0,0,0
2020-03-09,"South Australia","SA",7,0,0,7,0,0,0,0
2020-03-09,"Tasmania","TAS",2,0,0,2,0,0,0,0
2020-03-09,"Victoria","VIC",15,0,0,15,0,0,0,0
2020-03-09,"Western Australia","WA",6,1,0,6,0,0,0,0
2020-03-10,"Australian Capital Territory","ACT",0,0,0,0,0,0,0,0
2020-03-10,"New South Wales","NSW",61,2,10165,61,0,0,0,0
2020-03-10,"Northern Territory","NT",0,0,0,0,0,0,0,0
2020-03-10,"Queensland","QLD",18,0,0,18,0,0,0,0
2020-03-10,"South Australia","SA",7,0,0,7,0,0,0,0
2020-03-10,"Tasmania","TAS",2,0,0,2,0,0,0,0
2020-03-10,"Victoria","VIC",18,0,0,18,0,0,0,0
2020-03-10,"Western Australia","WA",6,1,0,6,0,0,0,0
2020-03-11,"Australian Capital Territory","ACT",0,0,0,0,0,0,0,0
2020-03-11,"New South Wales","NSW",65,2,10221,65,0,0,0,0
2020-03-11,"Northern Territory","NT",0,0,0,0,0,0,0,0
2020-03-11,"Queensland","QLD",20,0,0,20,0,0,0,0
2020-03-11,"South Australia","SA",9,0,0,9,0,0,0,0
2020-03-11,"Tasmania","TAS",3,0,0,3,0,0,0,0
2020-03-11,"Victoria","VIC",21,0,0,21,0,0,0,0
2020-03-11,"Western Australia","WA",9,1,0,9,0,0,0,0
2020-03-12,"Australian Capital Territory","ACT",1,0,0,1,0,0,0,0
2020-03-12,"New South Wales","NSW",78,2,14856,78,0,0,0,0
2020-03-12,"Northern Territory","NT",0,0,0,0,0,0,0,0
2020-03-12,"Queensland","QLD",27,0,0,27,0,0,0,0
2020-03-12,"South Australia","SA",12,0,0,12,0,0,0,0
2020-03-12,"Tasmania","TAS",3,0,0,3,0,0,0,0
2020-03-12,"Victoria","VIC",27,0,0,27,0,0,0,0
2020-03-12,"Western Australia","WA",9,1,0,9,0,0,0,0
2020-03-13,"Australian Capital Territory","ACT",1,0,0,1,0,0,0,0
2020-03-13,"New South Wales","NSW",92,2,16685,92,0,0,0,0
2020-03-13,"Northern Territory","NT",0,0,0,0,0,0,0,0
2020-03-13,"Queensland","QLD",35,1,0,35,0,0,0,0
2020-03-13,"South Australia","SA",16,0,0,16,0,0,0,0
2020-03-13,"Tasmania","TAS",4,0,0,4,0,0,0,0
2020-03-13,"Victoria","VIC",36,0,0,36,0,0,0,0
2020-03-13,"Western Australia","WA",14,1,0,14,0,0,0,0
2020-03-14,"Australian Capital Territory","ACT",1,0,0,1,0,0,0,0
2020-03-14,"New South Wales","NSW",112,3,20496,112,0,0,0,0
2020-03-14,"Northern Territory","NT",0,0,0,0,0,0,0,0
2020-03-14,"Queensland","QLD",46,1,0,46,0,0,0,0
2020-03-14,"South Australia","SA",19,0,0,19,0,0,0,0
2020-03-14,"Tasmania","TAS",5,0,0,5,0,0,0,0
2020-03-14,"Victoria","VIC",49,0,0,49,0,0,0,0
2020-03-14,"Western Australia","WA",17,1,0,17,0,0,0,0
2020-03-15,"Australian Capital Territory","ACT",1,0,0,1,0,0,0,0
2020-03-15,"New South Wales","NSW",134,3,22567,134,0,0,0,0
2020-03-15,"Northern Territory","NT",0,0,0,0,0,0,0,0
2020-03-15,"Queensland","QLD",61,1,0,61,0,0,0,0
2020-03-15,"South Australia","SA",20,0,0,20,0,0,0,0
2020-03-15,"Tasmania","TAS",6,0,0,6,0,0,0,0
2020-03-15,"Victoria","VIC",57,0,0,57,0,0,0,0
2020-03-15,"Western Australia","WA",18,1,0,18,0,0,0,0
2020-03-16,"Australian Capital Territory","ACT",2,0,0,2,0,0,0,0
2020-03-16,"New South Wales","NSW",171,3,26964,171,0,0,0,0
2020-03-16,"Northern Territory","NT",0,0,0,0,0,0,0,0
2020-03-16,"Queensland","QLD",68,1,0,68,0,0,0,0
2020-03-16,"South Australia","SA",29,0,0,29,0,0,0,0
2020-03-16,"Tasmania","TAS",7,0,0,7,0,0,0,0
2020-03-16,"Victoria","VIC",71,0,11700,71,0,0,0,0
2020-03-16,"Western Australia","WA",28,1,0,28,0,0,0,0
2020-03-17,"Australian Capital Territory","ACT",2,0,0,2,0,0,0,0
2020-03-17,"New South Wales","NSW",210,3,30244,210,0,0,0,0
2020-03-17,"Northern Territory","NT",0,0,0,0,0,0,0,0
2020-03-17,"Queensland","QLD",78,1,0,78,0,0,0,0
2020-03-17,"South Australia","SA",32,0,0,32,0,0,0,0
2020-03-17,"Tasmania","TAS",7,0,0,7,0,0,0,0
2020-03-17,"Victoria","VIC",94,0,14200,94,0,0,0,0
2020-03-17,"Western Australia","WA",31,1,0,31,0,0,0,0
2020-03-18,"Australian Capital Territory","ACT",3,0,0,3,0,0,0,0
2020-03-18,"New South Wales","NSW",267,4,35800,267,0,0,0,0
2020-03-18,"Northern Territory","NT",0,0,0,0,0,0,0,0
2020-03-18,"Queensland","QLD",94,1,0,94,0,0,0,0
2020-03-18,"South Australia","SA",37,0,0,37,0,0,0,0
2020-03-18,"Tasmania","TAS",10,0,0,10,0,0,0,0
2020-03-18,"Victoria","VIC",121,0,15200,121,0,0,0,0
2020-03-18,"Western Australia","WA",35,1,0,35,0,0,0,0
2020-03-19,"Australian Capital Territory","ACT",4,0,0,4,0,0,0,0
2020-03-19,"New South Wales","NSW",307,4,39089,307,0,0,0,0
2020-03-19,"Northern Territory","NT",0,0,0,0,0,0,0,0
2020-03-19,"Queensland","QLD",144,1,27064,144,0,0,0,0
2020-03-19,"South Australia","SA",42,0,0,42,0,0,0,0
2020-03-19,"Tasmania","TAS",10,0,0,10,0,0,0,0
2020-03-19,"Victoria","VIC",150,0,17180,150,28,0,0,0
2020-03-19,"Western Australia","WA",52,1,0,52,0,0,0,0
2020-03-20,"Australian Capital Territory","ACT",6,0,2218,6,0,0,0,0
2020-03-20,"New South Wales","NSW",353,5,40651,353,0,0,0,0
2020-03-20,"Northern Territory","NT",2,0,0,2,0,0,0,0
2020-03-20,"Queensland","QLD",184,1,28386,184,0,0,0,0
2020-03-20,"South Australia","SA",50,0,0,50,0,0,0,0
2020-03-20,"Tasmania","TAS",10,0,807,10,0,0,0,0
2020-03-20,"Victoria","VIC",178,0,19337,178,39,0,0,0
2020-03-20,"Western Australia","WA",64,1,0,64,0,0,0,0
2020-03-21,"Australian Capital Territory","ACT",9,0,2218,9,0,0,0,0
2020-03-21,"New South Wales","NSW",436,5,46892,436,0,0,0,0
2020-03-21,"Northern Territory","NT",4,0,0,4,0,0,0,0
2020-03-21,"Queensland","QLD",221,1,29867,221,0,0,0,0
2020-03-21,"South Australia","SA",67,0,0,67,0,0,0,0
2020-03-21,"Tasmania","TAS",16,0,807,16,0,0,0,0
2020-03-21,"Victoria","VIC",229,0,20500,229,51,0,0,0
2020-03-21,"Western Australia","WA",90,1,0,90,0,0,0,0
2020-03-22,"Australian Capital Territory","ACT",19,0,2414,19,0,0,0,0
2020-03-22,"New South Wales","NSW",533,5,52663,533,0,0,0,0
2020-03-22,"Northern Territory","NT",4,0,0,4,0,0,0,0
2020-03-22,"Queensland","QLD",259,1,31309,259,0,0,0,0
2020-03-22,"South Australia","SA",100,0,0,100,0,0,0,0
2020-03-22,"Tasmania","TAS",21,0,0,21,0,0,0,0
2020-03-22,"Victoria","VIC",296,0,22900,296,70,0,0,0
2020-03-22,"Western Australia","WA",120,1,0,120,0,0,0,0
2020-03-23,"Australian Capital Territory","ACT",32,0,2608,32,0,0,0,0
2020-03-23,"New South Wales","NSW",669,5,56941,669,0,0,0,0
2020-03-23,"Northern Territory","NT",4,0,0,4,0,0,0,0
2020-03-23,"Queensland","QLD",319,1,32394,319,0,0,0,0
2020-03-23,"South Australia","SA",134,0,0,134,0,0,0,0
2020-03-23,"Tasmania","TAS",27,0,0,27,0,0,0,0
2020-03-23,"Victoria","VIC",355,0,23700,355,97,0,0,0
2020-03-23,"Western Australia","WA",140,1,0,140,0,0,0,0
2020-03-24,"Australian Capital Territory","ACT",39,0,2819,39,0,0,0,0
2020-03-24,"New South Wales","NSW",818,6,61848,818,0,0,0,0
2020-03-24,"Northern Territory","NT",5,0,0,5,0,0,0,0
2020-03-24,"Queensland","QLD",397,1,32394,397,0,0,0,0
2020-03-24,"South Australia","SA",170,0,0,170,0,0,0,0
2020-03-24,"Tasmania","TAS",35,0,1139,35,0,0,0,0
2020-03-24,"Victoria","VIC",411,0,25000,411,113,0,0,0
2020-03-24,"Western Australia","WA",175,1,0,175,0,0,0,0
2020-03-25,"Australian Capital Territory","ACT",44,0,3008,44,0,0,0,0
2020-03-25,"New South Wales","NSW",1029,6,68177,1029,0,0,0,0
2020-03-25,"Northern Territory","NT",5,0,0,5,1,0,0,0
2020-03-25,"Queensland","QLD",443,2,38860,443,0,0,0,0
2020-03-25,"South Australia","SA",197,0,19269,197,0,0,0,0
2020-03-25,"Tasmania","TAS",41,0,1272,41,0,0,0,0
2020-03-25,"Victoria","VIC",466,0,25500,466,128,0,0,0
2020-03-25,"Western Australia","WA",205,1,0,205,0,0,0,0
2020-03-26,"Australian Capital Territory","ACT",53,0,3272,53,1,0,0,0
2020-03-26,"New South Wales","NSW",1219,6,74006,1219,0,0,0,0
2020-03-26,"Northern Territory","NT",12,0,0,12,1,0,0,0
2020-03-26,"Queensland","QLD",493,2,38860,493,0,0,0,0
2020-03-26,"South Australia","SA",235,0,20676,235,0,0,0,0
2020-03-26,"Tasmania","TAS",46,0,1272,46,0,0,0,0
2020-03-26,"Victoria","VIC",520,3,26900,520,149,0,0,0
2020-03-26,"Western Australia","WA",231,2,11519,231,0,0,0,0
2020-03-27,"Australian Capital Territory","ACT",62,0,3760,62,2,0,0,0
2020-03-27,"New South Wales","NSW",1405,6,77689,1405,0,0,0,0
2020-03-27,"Northern Territory","NT",14,0,0,14,2,0,0,0
2020-03-27,"Queensland","QLD",555,2,42965,555,0,0,0,0
2020-03-27,"South Australia","SA",257,0,23500,257,0,0,0,0
2020-03-27,"Tasmania","TAS",58,0,1779,58,0,0,0,0
2020-03-27,"Victoria","VIC",574,3,31000,574,172,0,0,0
2020-03-27,"Western Australia","WA",255,2,12091,255,28,0,0,0
2020-03-28,"Australian Capital Territory","ACT",71,0,4059,71,2,0,0,0
2020-03-28,"New South Wales","NSW",1617,7,86524,1617,0,0,0,0
2020-03-28,"Northern Territory","NT",15,0,0,15,2,0,0,0
2020-03-28,"Queensland","QLD",625,2,42965,625,0,0,0,0
2020-03-28,"South Australia","SA",287,0,24737,287,0,0,0,0
2020-03-28,"Tasmania","TAS",62,0,1779,62,0,0,0,0
2020-03-28,"Victoria","VIC",685,3,35000,685,191,0,0,0
2020-03-28,"Western Australia","WA",278,2,12971,278,28,0,0,0
2020-03-29,"Australian Capital Territory","ACT",77,0,4307,77,2,0,0,0
2020-03-29,"New South Wales","NSW",1791,7,93099,1791,0,0,0,0
2020-03-29,"Northern Territory","NT",15,0,1000,15,2,0,0,0
2020-03-29,"Queensland","QLD",656,3,44999,656,0,0,0,0
2020-03-29,"South Australia","SA",299,0,25682,299,0,0,0,0
2020-03-29,"Tasmania","TAS",66,0,1779,66,0,0,0,0
2020-03-29,"Victoria","VIC",769,4,39000,769,193,0,0,0
2020-03-29,"Western Australia","WA",311,2,13648,311,28,0,0,0
2020-03-30,"Australian Capital Territory","ACT",78,1,4307,78,0,0,0,0
2020-03-30,"New South Wales","NSW",1918,7,96446,1918,0,0,0,0
2020-03-30,"Northern Territory","NT",15,0,1000,15,2,0,0,0
2020-03-30,"Queensland","QLD",689,3,47025,689,0,0,0,0
2020-03-30,"South Australia","SA",305,0,26202,305,0,0,0,0
2020-03-30,"Tasmania","TAS",69,1,0,69,0,0,0,0
2020-03-30,"Victoria","VIC",821,4,42000,821,248,0,0,0
2020-03-30,"Western Australia","WA",355,2,14188,355,41,0,0,0
2020-03-31,"Australian Capital Territory","ACT",80,1,4443,80,3,0,0,0
2020-03-31,"New South Wales","NSW",2032,7,99951,2032,0,0,0,0
2020-03-31,"Northern Territory","NT",19,0,2100,19,3,0,0,0
2020-03-31,"Queensland","QLD",743,3,49382,743,0,0,0,0
2020-03-31,"South Australia","SA",337,0,27344,337,0,0,0,0
2020-03-31,"Tasmania","TAS",69,2,0,69,0,0,0,0
2020-03-31,"Victoria","VIC",917,4,45000,917,291,32,6,0
2020-03-31,"Western Australia","WA",364,2,14704,364,48,0,0,0
2020-04-01,"Australian Capital Territory","ACT",84,1,4858,84,8,8,2,2
2020-04-01,"New South Wales","NSW",2182,9,105543,2182,0,218,42,23
2020-04-01,"Northern Territory","NT",19,0,2131,19,3,16,1,1
2020-04-01,"Queensland","QLD",781,3,50853,781,0,66,9,7
2020-04-01,"South Australia","SA",367,0,28828,367,0,23,8,0
2020-04-01,"Tasmania","TAS",71,2,2218,71,0,9,0,0
2020-04-01,"Victoria","VIC",968,5,47000,968,343,36,6,0
2020-04-01,"Western Australia","WA",392,2,15522,392,64,24,8,0
2020-04-02,"Australian Capital Territory","ACT",87,1,5018,87,11,11,4,2
2020-04-02,"New South Wales","NSW",2298,9,110537,2298,0,231,43,21
2020-04-02,"Northern Territory","NT",22,0,2273,22,3,18,1,1
2020-04-02,"Queensland","QLD",835,4,51785,835,0,60,9,8
2020-04-02,"South Australia","SA",385,0,29876,385,44,19,7,0
2020-04-02,"Tasmania","TAS",74,2,2218,74,0,10,1,0
2020-04-02,"Victoria","VIC",1036,6,49000,1036,422,37,7,0
2020-04-02,"Western Australia","WA",400,2,16190,400,92,29,9,0
2020-04-03,"Australian Capital Territory","ACT",91,1,5222,91,18,12,8,2
2020-04-03,"New South Wales","NSW",2389,11,114455,2389,0,231,42,22
2020-04-03,"Northern Territory","NT",26,0,2466,26,3,19,1,0
2020-04-03,"Queensland","QLD",873,4,54441,873,0,54,10,8
2020-04-03,"South Australia","SA",396,0,30922,396,46,18,8,0
2020-04-03,"Tasmania","TAS",80,2,0,80,0,10,1,0
2020-04-03,"Victoria","VIC",1085,7,51000,1085,476,37,7,0
2020-04-03,"Western Australia","WA",422,3,16866,422,92,29,9,0
2020-04-04,"Australian Capital Territory","ACT",93,2,5328,93,18,6,3,2
2020-04-04,"New South Wales","NSW",2493,11,117633,2493,0,251,41,23
2020-04-04,"Northern Territory","NT",26,0,2642,26,3,23,0,0
2020-04-04,"Queensland","QLD",900,4,56000,900,0,47,11,8
2020-04-04,"South Australia","SA",407,0,32037,407,46,19,8,0
2020-04-04,"Tasmania","TAS",82,2,0,82,0,11,2,0
2020-04-04,"Victoria","VIC",1115,8,54000,1115,527,42,10,0
2020-04-04,"Western Australia","WA",436,3,17251,436,92,61,17,0
2020-04-05,"Australian Capital Territory","ACT",96,2,5258,96,18,7,3,2
2020-04-05,"New South Wales","NSW",2580,15,121433,2580,0,250,40,23
2020-04-05,"Northern Territory","NT",27,0,2753,27,3,24,0,0
2020-04-05,"Queensland","QLD",907,5,57795,907,0,43,12,8
2020-04-05,"South Australia","SA",409,0,32863,409,46,20,10,0
2020-04-05,"Tasmania","TAS",86,2,2845,86,0,11,2,0
2020-04-05,"Victoria","VIC",1135,8,56000,1135,573,47,11,0
2020-04-05,"Western Australia","WA",453,3,18197,453,148,58,18,0
2020-04-06,"Australian Capital Territory","ACT",96,2,5329,96,18,7,3,2
2020-04-06,"New South Wales","NSW",2637,18,124038,2637,0,250,40,23
2020-04-06,"Northern Territory","NT",27,0,2805,27,3,24,0,0
2020-04-06,"Queensland","QLD",921,5,58490,921,0,43,12,10
2020-04-06,"South Australia","SA",411,0,33303,411,46,20,10,0
2020-04-06,"Tasmania","TAS",89,2,2972,89,0,11,2,0
2020-04-06,"Victoria","VIC",1158,10,57000,1158,620,45,11,0
2020-04-06,"Western Australia","WA",460,4,18726,460,162,58,18,0
2020-04-07,"Australian Capital Territory","ACT",97,2,5497,97,42,6,3,2
2020-04-07,"New South Wales","NSW",2686,20,126146,2686,1356,103,37,24
2020-04-07,"Northern Territory","NT",27,0,2999,27,3,24,0,0
2020-04-07,"Queensland","QLD",934,5,61834,934,173,42,13,11
2020-04-07,"South Australia","SA",415,1,33831,415,89,16,10,0
2020-04-07,"Tasmania","TAS",98,3,3192,98,30,13,2,0
2020-04-07,"Victoria","VIC",1191,11,58000,1191,686,47,13,0
2020-04-07,"Western Australia","WA",470,6,19201,470,170,54,15,0
2020-04-08,"Australian Capital Territory","ACT",99,2,5679,99,47,4,3,2
2020-04-08,"New South Wales","NSW",2734,20,129091,2734,1356,92,36,23
2020-04-08,"Northern Territory","NT",27,0,3062,27,3,24,0,0
2020-04-08,"Queensland","QLD",943,5,63552,943,345,35,11,11
2020-04-08,"South Australia","SA",420,2,34593,420,120,16,8,0
2020-04-08,"Tasmania","TAS",107,3,3295,107,38,13,2,0
2020-04-08,"Victoria","VIC",1212,12,60000,1212,736,45,12,0
2020-04-08,"Western Australia","WA",481,6,20096,481,170,34,15,0
2020-04-09,"Australian Capital Territory","ACT",100,2,5802,100,54,3,2,2
2020-04-09,"New South Wales","NSW",2773,20,132997,2773,1356,88,31,22
2020-04-09,"Northern Territory","NT",27,0,3174,27,3,24,0,0
2020-04-09,"Queensland","QLD",953,5,66766,953,372,33,12,12
2020-04-09,"South Australia","SA",421,3,35286,421,165,15,6,0
2020-04-09,"Tasmania","TAS",111,3,3397,111,46,15,2,0
2020-04-09,"Victoria","VIC",1228,12,62000,1228,806,50,13,0
2020-04-09,"Western Australia","WA",495,6,20712,495,187,34,15,0
2020-04-10,"Australian Capital Territory","ACT",103,2,6017,103,59,4,2,2
2020-04-10,"New South Wales","NSW",2822,21,137441,2822,1356,83,29,24
2020-04-10,"Northern Territory","NT",27,0,3243,27,3,24,0,0
2020-04-10,"Queensland","QLD",965,5,69194,965,368,36,12,12
2020-04-10,"South Australia","SA",428,3,35716,428,179,15,6,0
2020-04-10,"Tasmania","TAS",122,4,3591,122,48,8,2,0
2020-04-10,"Victoria","VIC",1241,13,62000,1241,926,43,13,0
2020-04-10,"Western Australia","WA",506,6,21144,506,203,23,10,0
2020-04-11,"Australian Capital Territory","ACT",103,2,6103,103,62,4,2,2
2020-04-11,"New South Wales","NSW",2857,22,138090,2857,1356,78,30,24
2020-04-11,"Northern Territory","NT",27,0,3300,27,3,24,0,0
2020-04-11,"Queensland","QLD",974,5,71499,974,368,28,12,12
2020-04-11,"South Australia","SA",429,3,36159,429,225,15,7,0
2020-04-11,"Tasmania","TAS",133,4,3591,133,50,8,2,0
2020-04-11,"Victoria","VIC",1265,14,67000,1265,986,44,15,0
2020-04-11,"Western Australia","WA",514,6,22105,514,216,39,12,0
2020-04-12,"Australian Capital Territory","ACT",102,2,6159,102,67,3,2,2
2020-04-12,"New South Wales","NSW",2854,23,141777,2854,1356,78,30,22
2020-04-12,"Northern Territory","NT",27,0,3355,27,4,22,0,0
2020-04-12,"Queensland","QLD",983,5,72313,983,368,30,12,11
2020-04-12,"South Australia","SA",429,4,36449,429,239,14,6,0
2020-04-12,"Tasmania","TAS",144,5,3770,144,50,10,2,0
2020-04-12,"Victoria","VIC",1268,14,67000,1268,1015,44,14,0
2020-04-12,"Western Australia","WA",517,6,23118,517,239,38,15,0
2020-04-13,"Australian Capital Territory","ACT",103,2,6191,103,72,3,2,1
2020-04-13,"New South Wales","NSW",2863,25,144380,2863,1356,77,30,22
2020-04-13,"Northern Territory","NT",27,0,3381,27,4,22,0,0
2020-04-13,"Queensland","QLD",987,5,73170,987,442,23,11,11
2020-04-13,"South Australia","SA",431,4,36704,431,240,13,6,0
2020-04-13,"Tasmania","TAS",150,5,4375,150,54,11,2,0
2020-04-13,"Victoria","VIC",1281,14,70000,1281,1075,40,14,12
2020-04-13,"Western Australia","WA",523,6,23935,523,251,38,14,0
2020-04-14,"Australian Capital Territory","ACT",103,2,6291,103,75,3,2,1
2020-04-14,"New South Wales","NSW",2870,25,145809,2870,1356,80,32,20
2020-04-14,"Northern Territory","NT",27,0,3442,27,4,22,0,0
2020-04-14,"Queensland","QLD",998,5,74013,998,442,24,11,11
2020-04-14,"South Australia","SA",433,4,37039,433,253,11,4,0
2020-04-14,"Tasmania","TAS",165,6,4502,165,54,12,2,0
2020-04-14,"Victoria","VIC",1291,14,71000,1291,1118,40,15,12
2020-04-14,"Western Australia","WA",527,6,24397,527,296,38,14,0
2020-04-15,"Australian Capital Territory","ACT",103,3,6490,103,77,2,1,1
2020-04-15,"New South Wales","NSW",3075,25,147114,3075,1356,73,29,19
2020-04-15,"Northern Territory","NT",27,0,3489,27,5,21,0,0
2020-04-15,"Queensland","QLD",999,5,75480,999,442,23,11,10
2020-04-15,"South Australia","SA",433,4,37545,433,279,10,4,0
2020-04-15,"Tasmania","TAS",169,6,4646,169,54,13,2,0
2020-04-15,"Victoria","VIC",1299,14,72000,1299,1137,39,18,12
2020-04-15,"Western Australia","WA",532,6,24613,532,338,33,8,0
2020-04-16,"Australian Capital Territory","ACT",103,3,6619,103,79,2,1,0
2020-04-16,"New South Wales","NSW",3086,25,150314,3086,1356,64,26,20
2020-04-16,"Northern Territory","NT",27,0,3521,27,7,20,0,0
2020-04-16,"Queensland","QLD",1001,5,77727,1001,442,21,11,9
2020-04-16,"South Australia","SA",434,4,38389,434,308,10,4,0
2020-04-16,"Tasmania","TAS",180,6,4810,180,62,15,2,0
2020-04-16,"Victoria","VIC",1301,14,73000,1301,1153,36,17,9
2020-04-16,"Western Australia","WA",535,6,25623,535,340,33,6,0
2020-04-17,"Australian Capital Territory","ACT",103,3,6754,103,81,2,1,0
2020-04-17,"New South Wales","NSW",3115,25,155302,3115,1356,63,26,20
2020-04-17,"Northern Territory","NT",27,0,3606,27,9,19,0,0
2020-04-17,"Queensland","QLD",1007,5,80227,1007,442,19,11,9
2020-04-17,"South Australia","SA",435,4,39318,435,331,7,1,0
2020-04-17,"Tasmania","TAS",184,7,5098,184,64,16,2,0
2020-04-17,"Victoria","VIC",1302,14,75000,1302,1159,32,13,9
2020-04-17,"Western Australia","WA",541,7,26225,541,377,34,6,0
2020-04-18,"Australian Capital Territory","ACT",103,3,6856,103,88,1,1,0
2020-04-18,"New South Wales","NSW",3125,27,160454,3125,1356,57,25,19
2020-04-18,"Northern Territory","NT",27,0,3625,27,10,17,0,0
2020-04-18,"Queensland","QLD",1015,6,82763,1015,738,22,9,7
2020-04-18,"South Australia","SA",435,4,41261,435,346,7,1,0
2020-04-18,"Tasmania","TAS",188,8,5376,188,65,17,2,0
2020-04-18,"Victoria","VIC",1319,14,79000,1319,1172,30,12,8
2020-04-18,"Western Australia","WA",544,7,27175,544,388,33,6,0
2020-04-19,"Australian Capital Territory","ACT",103,3,6893,103,89,1,0,0
2020-04-19,"New South Wales","NSW",3146,28,165137,3146,1356,57,21,18
2020-04-19,"Northern Territory","NT",27,0,3713,27,11,16,0,0
2020-04-19,"Queensland","QLD",1019,6,84735,1019,738,22,8,7
2020-04-19,"South Australia","SA",435,4,43310,435,354,7,1,0
2020-04-19,"Tasmania","TAS",197,8,6320,197,68,18,2,0
2020-04-19,"Victoria","VIC",1328,15,82000,1328,1188,29,10,8
2020-04-19,"Western Australia","WA",545,7,28888,545,426,28,6,0
2020-04-20,"Australian Capital Territory","ACT",104,3,7063,104,91,1,0,0
2020-04-20,"New South Wales","NSW",3152,28,168626,3152,1356,53,22,16
2020-04-20,"Northern Territory","NT",27,0,3731,27,11,16,0,0
2020-04-20,"Queensland","QLD",1019,6,85870,1019,738,20,7,7
2020-04-20,"South Australia","SA",435,4,44278,435,363,6,1,0
2020-04-20,"Tasmania","TAS",202,8,6697,202,68,19,2,0
2020-04-20,"Victoria","VIC",1329,15,86000,1329,1196,28,11,9
2020-04-20,"Western Australia","WA",545,7,29469,545,435,27,6,0
2020-04-21,"Australian Capital Territory","ACT",104,3,7126,104,92,1,0,0
2020-04-21,"New South Wales","NSW",3158,29,171128,3158,1755,55,21,18
2020-04-21,"Northern Territory","NT",27,0,3810,27,15,14,0,0
2020-04-21,"Queensland","QLD",1024,6,87470,1024,738,21,7,6
2020-04-21,"South Australia","SA",437,4,45495,437,376,5,1,0
2020-04-21,"Tasmania","TAS",203,8,6701,203,74,17,1,0
2020-04-21,"Victoria","VIC",1336,15,88000,1336,1202,28,12,9
2020-04-21,"Western Australia","WA",546,7,30112,546,443,26,5,0
2020-04-22,"Australian Capital Territory","ACT",104,3,7256,104,93,1,0,0
2020-04-22,"New South Wales","NSW",3160,31,175419,3160,1926,50,20,17
2020-04-22,"Northern Territory","NT",27,0,3972,27,16,14,0,0
2020-04-22,"Queensland","QLD",1024,6,90168,1024,738,20,7,6
2020-04-22,"South Australia","SA",438,4,47238,438,388,4,1,0
2020-04-22,"Tasmania","TAS",207,8,7248,207,80,18,1,0
2020-04-22,"Victoria","VIC",1336,15,90000,1336,1243,30,13,8
2020-04-22,"Western Australia","WA",546,7,31140,546,451,25,5,0
2020-04-23,"Australian Capital Territory","ACT",104,3,7367,104,93,1,0,0
2020-04-23,"New South Wales","NSW",3165,32,181064,3165,2006,47,21,16
2020-04-23,"Northern Territory","NT",27,0,4045,27,16,13,0,0
2020-04-23,"Queensland","QLD",1026,6,92699,1026,738,20,7,6
2020-04-23,"South Australia","SA",438,4,48727,438,394,4,2,0
2020-04-23,"Tasmania","TAS",207,8,7607,207,89,16,1,0
2020-04-23,"Victoria","VIC",1337,16,93000,1337,1251,27,10,7
2020-04-23,"Western Australia","WA",546,7,32150,546,458,24,5,0
2020-04-24,"Australian Capital Territory","ACT",105,3,7440,105,97,1,0,0
2020-04-24,"New South Wales","NSW",3171,33,188416,3171,2056,43,19,15
2020-04-24,"Northern Territory","NT",27,0,4120,27,20,10,0,0
2020-04-24,"Queensland","QLD",1026,6,94977,1026,738,18,6,6
2020-04-24,"South Australia","SA",438,4,50396,438,401,4,2,0
2020-04-24,"Tasmania","TAS",209,9,7883,209,106,16,0,0
2020-04-24,"Victoria","VIC",1343,16,96000,1343,1254,27,11,7
2020-04-24,"Western Australia","WA",548,8,33138,548,464,20,4,0
2020-04-25,"Australian Capital Territory","ACT",106,3,7738,106,98,1,1,0
2020-04-25,"New South Wales","NSW",3183,34,193256,3183,2193,39,19,15
2020-04-25,"Northern Territory","NT",27,0,4189,27,20,5,0,0
2020-04-25,"Queensland","QLD",1026,6,97057,1026,803,18,6,6
2020-04-25,"South Australia","SA",438,4,51536,438,402,4,2,0
2020-04-25,"Tasmania","TAS",210,10,8282,210,117,14,0,0
2020-04-25,"Victoria","VIC",1346,16,98000,1346,1262,24,11,7
2020-04-25,"Western Australia","WA",549,8,34199,549,478,24,4,0
2020-04-26,"Australian Capital Territory","ACT",106,3,7886,106,99,1,1,0
2020-04-26,"New South Wales","NSW",3191,34,198715,3191,2208,37,19,15
2020-04-26,"Northern Territory","NT",27,0,4231,27,23,5,0,0
2020-04-26,"Queensland","QLD",1030,6,98422,1030,926,18,6,5
2020-04-26,"South Australia","SA",438,4,52671,438,411,4,2,0
2020-04-26,"Tasmania","TAS",214,11,8719,214,123,13,1,0
2020-04-26,"Victoria","VIC",1349,17,101000,1349,1265,21,10,5
2020-04-26,"Western Australia","WA",549,8,34805,549,486,16,4,0
2020-04-27,"Australian Capital Territory","ACT",106,3,8102,106,100,1,1,0
2020-04-27,"New South Wales","NSW",3193,34,203131,3193,2227,35,19,15
2020-04-27,"Northern Territory","NT",27,0,4245,27,23,5,0,0
2020-04-27,"Queensland","QLD",1033,6,99527,1033,926,15,6,6
2020-04-27,"South Australia","SA",438,4,53283,438,414,4,2,0
2020-04-27,"Tasmania","TAS",216,11,9384,216,132,14,1,0
2020-04-27,"Victoria","VIC",1349,17,104000,1349,1280,23,11,6
2020-04-27,"Western Australia","WA",549,8,35391,549,486,16,4,0
2020-04-28,"Australian Capital Territory","ACT",106,3,8348,106,101,1,1,0
2020-04-28,"New South Wales","NSW",3198,39,207245,3198,2243,33,19,15
2020-04-28,"Northern Territory","NT",27,0,4338,27,23,5,0,0
2020-04-28,"Queensland","QLD",1033,6,101767,1033,934,14,6,6
2020-04-28,"South Australia","SA",438,4,54082,438,420,4,2,0
2020-04-28,"Tasmania","TAS",220,11,10145,220,135,14,0,0
2020-04-28,"Victoria","VIC",1351,17,109049,1351,1279,23,11,6
2020-04-28,"Western Australia","WA",550,8,35705,550,495,16,4,0
2020-04-29,"Australian Capital Territory","ACT",106,3,8442,106,101,0,0,0
2020-04-29,"New South Wales","NSW",3205,40,212659,3205,2266,28,17,14
2020-04-29,"Northern Territory","NT",27,0,4421,27,25,3,0,0
2020-04-29,"Queensland","QLD",1034,6,104950,1034,934,12,6,6
2020-04-29,"South Australia","SA",438,4,55417,438,420,4,2,0
2020-04-29,"Tasmania","TAS",221,11,10898,221,137,14,0,0
2020-04-29,"Victoria","VIC",1354,18,111092,1354,1287,19,9,6
2020-04-29,"Western Australia","WA",551,8,36531,551,500,14,4,0
2020-04-30,"Australian Capital Territory","ACT",106,3,8674,106,103,0,0,0
2020-04-30,"New South Wales","NSW",3205,40,220046,3205,2284,27,15,13
2020-04-30,"Northern Territory","NT",27,0,4532,27,25,3,0,0
2020-04-30,"Queensland","QLD",1033,6,108137,1033,943,11,6,4
2020-04-30,"South Australia","SA",438,4,57423,438,420,3,1,0
2020-04-30,"Tasmania","TAS",223,13,11909,223,144,14,0,0
2020-04-30,"Victoria","VIC",1361,18,115118,1361,1291,18,9,5
2020-04-30,"Western Australia","WA",551,8,37802,551,507,13,3,0
2020-05-01,"Australian Capital Territory","ACT",106,3,8981,106,103,0,0,0
2020-05-01,"New South Wales","NSW",3215,41,227084,3215,2293,27,14,12
2020-05-01,"Northern Territory","NT",27,0,4643,27,24,3,0,0
2020-05-01,"Queensland","QLD",1033,6,111017,1033,948,11,4,4
2020-05-01,"South Australia","SA",438,4,58670,438,422,3,1,0
2020-05-01,"Tasmania","TAS",223,13,12974,223,153,12,0,0
2020-05-01,"Victoria","VIC",1364,18,123707,1364,1293,16,7,5
2020-05-01,"Western Australia","WA",551,8,41792,551,511,11,3,0
2020-05-02,"Australian Capital Territory","ACT",106,3,9243,106,103,0,0,0
2020-05-02,"New South Wales","NSW",3220,41,235894,3220,2300,28,14,12
2020-05-02,"Northern Territory","NT",29,0,4721,29,24,5,0,0
2020-05-02,"Queensland","QLD",1034,6,113601,1034,965,10,4,4
2020-05-02,"South Australia","SA",438,4,59835,438,427,3,0,0
2020-05-02,"Tasmania","TAS",223,13,13829,223,157,13,0,0
2020-05-02,"Victoria","VIC",1371,18,129228,1371,1300,12,7,5
2020-05-02,"Western Australia","WA",551,8,45232,551,520,8,3,0
2020-05-03,"Australian Capital Territory","ACT",106,3,9402,106,103,0,0,0
2020-05-03,"New South Wales","NSW",3224,42,243128,3224,2306,27,14,11
2020-05-03,"Northern Territory","NT",29,0,4828,29,24,5,0,0
2020-05-03,"Queensland","QLD",1035,6,115598,1035,976,9,4,4
2020-05-03,"South Australia","SA",438,4,60769,438,427,3,0,0
2020-05-03,"Tasmania","TAS",223,13,14782,223,158,11,0,0
2020-05-03,"Victoria","VIC",1384,18,138433,1384,1300,12,7,5
2020-05-03,"Western Australia","WA",551,9,46167,551,523,8,3,0
2020-05-04,"Australian Capital Territory","ACT",107,3,9628,107,103,0,0,0
2020-05-04,"New South Wales","NSW",3222,43,248699,3222,2328,27,14,10
2020-05-04,"Northern Territory","NT",29,0,4855,29,24,5,0,0
2020-05-04,"Queensland","QLD",1038,6,116650,1038,980,9,4,3
2020-05-04,"South Australia","SA",438,4,61336,438,427,3,0,0
2020-05-04,"Tasmania","TAS",223,13,15356,223,164,8,1,1
2020-05-04,"Victoria","VIC",1406,18,146661,1406,1310,11,6,6
2020-05-04,"Western Australia","WA",551,9,47029,551,527,7,3,0
2020-05-05,"Australian Capital Territory","ACT",107,3,9829,107,103,0,0,0
2020-05-05,"New South Wales","NSW",3224,44,253995,3224,2349,25,13,11
2020-05-05,"Northern Territory","NT",29,0,4925,29,26,3,0,0
2020-05-05,"Queensland","QLD",1043,6,117721,1043,980,9,4,3
2020-05-05,"South Australia","SA",438,4,62139,438,428,2,0,0
2020-05-05,"Tasmania","TAS",225,13,16017,225,165,8,1,1
2020-05-05,"Victoria","VIC",1423,18,151977,1423,1311,12,6,5
2020-05-05,"Western Australia","WA",551,9,48153,551,528,7,3,0
2020-05-06,"Australian Capital Territory","ACT",107,3,10102,107,103,0,0,0
2020-05-06,"New South Wales","NSW",3231,44,261251,3231,2418,25,13,9
2020-05-06,"Northern Territory","NT",29,0,5003,29,26,3,0,0
2020-05-06,"Queensland","QLD",1043,6,120204,1043,985,9,4,3
2020-05-06,"South Australia","SA",438,4,63651,438,430,2,0,0
2020-05-06,"Tasmania","TAS",225,13,16476,225,168,8,1,1
2020-05-06,"Victoria","VIC",1440,18,162077,1440,1321,8,6,5
2020-05-06,"Western Australia","WA",551,9,49892,551,528,7,3,0
2020-05-07,"Australian Capital Territory","ACT",107,3,10478,107,103,0,0,0
2020-05-07,"New South Wales","NSW",3233,44,271796,3233,2463,24,10,8
2020-05-07,"Northern Territory","NT",29,0,5117,29,27,2,0,0
2020-05-07,"Queensland","QLD",1045,6,124898,1045,989,8,3,3
2020-05-07,"South Australia","SA",439,4,65167,439,433,2,0,0
2020-05-07,"Tasmania","TAS",227,13,17234,227,170,8,1,1
2020-05-07,"Victoria","VIC",1455,18,176507,1455,1322,8,6,5
2020-05-07,"Western Australia","WA",551,9,51352,551,531,6,3,0
2020-05-08,"Australian Capital Territory","ACT",107,3,10957,107,103,0,0,0
2020-05-08,"New South Wales","NSW",3236,44,281257,3236,2486,23,10,8
2020-05-08,"Northern Territory","NT",29,0,5267,29,27,2,0,0
2020-05-08,"Queensland","QLD",1045,6,129195,1045,994,9,3,3
2020-05-08,"South Australia","SA",439,4,66677,439,433,2,0,0
2020-05-08,"Tasmania","TAS",227,13,17807,227,175,8,1,1
2020-05-08,"Victoria","VIC",1469,18,193265,1469,1332,8,6,4
2020-05-08,"Western Australia","WA",552,9,52825,552,534,4,1,0
2020-05-09,"Australian Capital Territory","ACT",107,3,11274,107,103,0,0,0
2020-05-09,"New South Wales","NSW",3240,44,294949,3240,2504,20,8,7
2020-05-09,"Northern Territory","NT",29,0,5389,29,27,2,0,0
2020-05-09,"Queensland","QLD",1045,6,133016,1045,1019,9,3,3
2020-05-09,"South Australia","SA",439,4,68012,439,433,1,0,0
2020-05-09,"Tasmania","TAS",227,13,18348,227,179,8,1,1
2020-05-09,"Victoria","VIC",1479,18,209905,1479,1336,7,6,4
2020-05-09,"Western Australia","WA",552,9,54563,552,536,4,1,0
2020-05-10,"Australian Capital Territory","ACT",107,3,11737,107,104,0,0,0
2020-05-10,"New South Wales","NSW",3242,44,304464,3242,2515,13,8,7
2020-05-10,"Northern Territory","NT",29,0,5495,29,27,2,0,0
2020-05-10,"Queensland","QLD",1045,6,135806,1045,1019,8,3,3
2020-05-10,"South Australia","SA",439,4,69178,439,434,1,0,0
2020-05-10,"Tasmania","TAS",227,13,18545,227,185,8,1,1
2020-05-10,"Victoria","VIC",1489,18,226889,1489,1346,7,5,4
2020-05-10,"Western Australia","WA",552,9,55758,552,536,4,1,0
2020-05-11,"Australian Capital Territory","ACT",107,3,11939,107,104,0,0,0
2020-05-11,"New South Wales","NSW",3242,44,309722,3242,2517,20,7,7
2020-05-11,"Northern Territory","NT",29,0,5527,29,27,2,0,0
2020-05-11,"Queensland","QLD",1045,6,137009,1045,1021,7,3,3
2020-05-11,"South Australia","SA",439,4,70147,439,434,1,0,0
2020-05-11,"Tasmania","TAS",227,13,19351,227,183,8,0,0
2020-05-11,"Victoria","VIC",1496,18,245326,1496,1360,7,5,4
2020-05-11,"Western Australia","WA",552,9,56098,552,536,4,1,0
2020-05-12,"Australian Capital Territory","ACT",107,3,12367,107,104,0,0,0
2020-05-12,"New South Wales","NSW",3242,44,315770,3242,2543,19,8,8
2020-05-12,"Northern Territory","NT",29,0,5646,29,27,2,0,0
2020-05-12,"Queensland","QLD",1051,6,138892,1051,1027,7,3,3
2020-05-12,"South Australia","SA",439,4,71036,439,434,1,0,0
2020-05-12,"Tasmania","TAS",227,13,19539,227,185,8,0,0
2020-05-12,"Victoria","VIC",1509,18,258451,1509,1376,8,4,4
2020-05-12,"Western Australia","WA",553,9,56226,553,537,2,1,0
2020-05-13,"Australian Capital Territory","ACT",107,3,12637,107,104,0,0,0
2020-05-13,"New South Wales","NSW",3248,45,323887,3248,2571,22,7,7
2020-05-13,"Northern Territory","NT",29,0,5759,29,27,2,0,0
2020-05-13,"Queensland","QLD",1051,6,142040,1051,1028,7,3,3
2020-05-13,"South Australia","SA",439,4,72725,439,434,1,0,0
2020-05-13,"Tasmania","TAS",227,13,20088,227,187,8,0,0
2020-05-13,"Victoria","VIC",1514,18,273255,1514,1385,9,6,4
2020-05-13,"Western Australia","WA",553,9,58634,553,538,1,1,0
2020-05-14,"Australian Capital Territory","ACT",107,3,13066,107,104,0,0,0
2020-05-14,"New South Wales","NSW",3252,45,333634,3252,2595,23,8,6
2020-05-14,"Northern Territory","NT",29,0,5759,29,27,2,0,0
2020-05-14,"Queensland","QLD",1052,6,145182,1052,1029,7,3,3
2020-05-14,"South Australia","SA",439,4,74293,439,434,1,0,0
2020-05-14,"Tasmania","TAS",227,13,20657,227,187,8,0,0
2020-05-14,"Victoria","VIC",1523,18,289441,1523,1385,9,6,4
2020-05-14,"Western Australia","WA",554,9,61267,554,538,1,1,0
2020-05-15,"Australian Capital Territory","ACT",107,3,13493,107,104,0,0,0
2020-05-15,"New South Wales","NSW",3260,45,345846,3260,2605,22,7,5
2020-05-15,"Northern Territory","NT",29,0,6116,29,27,2,0,0
2020-05-15,"Queensland","QLD",1054,6,148607,1054,1030,6,3,3
2020-05-15,"South Australia","SA",439,4,75958,439,435,1,0,0
2020-05-15,"Tasmania","TAS",228,13,21089,228,190,6,0,0
2020-05-15,"Victoria","VIC",1543,18,309459,1543,1407,9,7,5
2020-05-15,"Western Australia","WA",554,9,63248,554,538,1,1,0
2020-05-16,"Australian Capital Territory","ACT",107,3,13854,107,104,0,0,0
2020-05-16,"New South Wales","NSW",3263,45,355738,3263,2611,22,6,3
2020-05-16,"Northern Territory","NT",29,0,6258,29,27,2,0,0
2020-05-16,"Queensland","QLD",1055,6,151854,1055,1036,5,3,3
2020-05-16,"South Australia","SA",439,4,77728,439,435,1,0,0
2020-05-16,"Tasmania","TAS",228,13,21604,228,195,7,0,0
2020-05-16,"Victoria","VIC",1554,18,323970,1554,1417,11,7,6
2020-05-16,"Western Australia","WA",556,9,64646,556,541,1,0,0
2020-05-17,"Australian Capital Territory","ACT",107,3,14058,107,104,0,0,0
2020-05-17,"New South Wales","NSW",3264,45,362842,3264,2612,22,7,4
2020-05-17,"Northern Territory","NT",29,0,6370,29,27,2,0,0
2020-05-17,"Queensland","QLD",1055,6,154220,1055,1037,5,2,2
2020-05-17,"South Australia","SA",439,4,78833,439,435,1,0,0
2020-05-17,"Tasmania","TAS",228,13,21886,228,195,8,0,0
2020-05-17,"Victoria","VIC",1561,18,338219,1561,1417,11,7,6
2020-05-17,"Western Australia","WA",556,9,65698,556,542,1,0,0
2020-05-18,"Australian Capital Territory","ACT",107,3,14290,107,104,0,0,0
2020-05-18,"New South Wales","NSW",3265,46,371881,3265,2612,22,6,2
2020-05-18,"Northern Territory","NT",29,0,6417,29,27,2,0,0
2020-05-18,"Queensland","QLD",1057,6,155755,1057,1038,4,1,1
2020-05-18,"South Australia","SA",439,4,79616,439,435,1,0,0
2020-05-18,"Tasmania","TAS",228,13,22246,228,197,6,0,0
2020-05-18,"Victoria","VIC",1567,18,345290,1567,1439,9,5,4
2020-05-18,"Western Australia","WA",556,9,66539,556,544,1,0,0
2020-05-19,"Australian Capital Territory","ACT",107,3,14448,107,104,0,0,0
2020-05-19,"New South Wales","NSW",3267,47,377185,3267,2614,22,5,2
2020-05-19,"Northern Territory","NT",29,0,6517,29,27,2,0,0
2020-05-19,"Queensland","QLD",1057,6,158641,1057,1039,4,1,1
2020-05-19,"South Australia","SA",439,4,80713,439,435,1,0,0
2020-05-19,"Tasmania","TAS",228,13,22597,228,198,6,0,0
2020-05-19,"Victoria","VIC",1573,18,358120,1573,1454,11,5,4
2020-05-19,"Western Australia","WA",556,9,67649,556,544,1,0,0
2020-05-20,"Australian Capital Territory","ACT",107,3,14712,107,104,0,0,0
2020-05-20,"New South Wales","NSW",3270,47,384278,3270,2631,20,3,2
2020-05-20,"Northern Territory","NT",29,0,6673,29,28,2,0,0
2020-05-20,"Queensland","QLD",1058,6,163560,1058,1040,4,1,1
2020-05-20,"South Australia","SA",439,4,82401,439,435,1,0,0
2020-05-20,"Tasmania","TAS",228,13,23027,228,198,6,0,0
2020-05-20,"Victoria","VIC",1580,18,367272,1580,1465,10,5,4
2020-05-20,"Western Australia","WA",556,9,69644,556,544,1,0,0
2020-05-21,"Australian Capital Territory","ACT",107,3,14916,107,104,0,0,0
2020-05-21,"New South Wales","NSW",3271,47,390930,3271,2648,20,3,2
2020-05-21,"Northern Territory","NT",29,0,6809,29,29,1,0,0
2020-05-21,"Queensland","QLD",1058,6,166877,1058,1040,4,1,1
2020-05-21,"South Australia","SA",439,4,84389,439,435,1,0,0
2020-05-21,"Tasmania","TAS",228,13,23448,228,199,5,0,0
2020-05-21,"Victoria","VIC",1581,18,378673,1581,1473,10,5,4
2020-05-21,"Western Australia","WA",556,9,71642,556,544,0,0,0
2020-05-22,"Australian Capital Territory","ACT",107,3,15253,107,104,0,0,0
2020-05-22,"New South Wales","NSW",3273,48,402623,3273,2648,20,1,1
2020-05-22,"Northern Territory","NT",29,0,6809,29,29,1,0,0
2020-05-22,"Queensland","QLD",1058,6,169863,1058,1040,4,1,1
2020-05-22,"South Australia","SA",439,4,86089,439,435,1,0,0
2020-05-22,"Tasmania","TAS",228,13,23636,228,201,4,0,0
2020-05-22,"Victoria","VIC",1593,18,393103,1593,1479,10,5,4
2020-05-22,"Western Australia","WA",556,9,73306,556,544,0,0,0
2020-05-23,"Australian Capital Territory","ACT",107,3,15567,107,104,0,0,0
2020-05-23,"New South Wales","NSW",3275,48,411618,3275,2653,17,1,1
2020-05-23,"Northern Territory","NT",29,0,7105,29,29,1,0,0
2020-05-23,"Queensland","QLD",1060,6,172212,1060,1041,4,1,1
2020-05-23,"South Australia","SA",439,4,87451,439,435,0,0,0
2020-05-23,"Tasmania","TAS",228,13,23999,228,201,4,0,0
2020-05-23,"Victoria","VIC",1602,19,398826,1602,1484,10,3,3
2020-05-23,"Western Australia","WA",556,9,75484,556,545,0,0,0
2020-05-24,"Australian Capital Territory","ACT",107,3,15760,107,104,0,0,0
2020-05-24,"New South Wales","NSW",3276,48,418427,3276,2653,16,1,1
2020-05-24,"Northern Territory","NT",29,0,7217,29,29,0,0,0
2020-05-24,"Queensland","QLD",1061,6,173864,1061,1041,4,1,1
2020-05-24,"South Australia","SA",439,4,88446,439,435,0,0,0
2020-05-24,"Tasmania","TAS",228,13,24191,228,202,4,0,0
2020-05-24,"Victoria","VIC",1603,19,420246,1603,1498,9,3,3
2020-05-24,"Western Australia","WA",556,9,76644,556,545,0,0,0
2020-05-25,"Australian Capital Territory","ACT",107,3,16006,107,104,0,0,0
2020-05-25,"New South Wales","NSW",3279,48,422703,3279,2656,15,1,1
2020-05-25,"Northern Territory","NT",29,0,7233,29,29,0,0,0
2020-05-25,"Queensland","QLD",1056,6,174974,1056,1038,4,1,1
2020-05-25,"South Australia","SA",439,4,89245,439,435,0,0,0
2020-05-25,"Tasmania","TAS",228,13,24663,228,203,4,0,0
2020-05-25,"Victoria","VIC",1605,19,431878,1605,1520,8,3,3
2020-05-25,"Western Australia","WA",560,9,77501,560,545,0,0,0
2020-05-26,"Australian Capital Territory","ACT",107,3,16196,107,104,0,0,0
2020-05-26,"New South Wales","NSW",3281,48,456724,3281,2661,14,1,1
2020-05-26,"Northern Territory","NT",29,0,7396,29,29,0,0,0
2020-05-26,"Queensland","QLD",1057,6,176561,1057,1039,4,1,1
2020-05-26,"South Australia","SA",440,4,90384,440,435,0,0,0
2020-05-26,"Tasmania","TAS",228,13,25248,228,205,4,0,0
2020-05-26,"Victoria","VIC",1610,19,437406,1610,1533,8,3,3
2020-05-26,"Western Australia","WA",566,9,78308,566,545,0,0,0
2020-05-27,"Australian Capital Territory","ACT",107,3,16575,107,104,0,0,0
2020-05-27,"New South Wales","NSW",3278,48,464351,3278,2663,14,1,1
2020-05-27,"Northern Territory","NT",29,0,7528,29,29,0,0,0
2020-05-27,"Queensland","QLD",1058,6,180371,1058,1044,4,1,1
2020-05-27,"South Australia","SA",440,4,92903,440,435,0,0,0
2020-05-27,"Tasmania","TAS",228,13,25595,228,205,4,0,0
2020-05-27,"Victoria","VIC",1618,19,470832,1618,1533,8,4,1
2020-05-27,"Western Australia","WA",566,9,80166,566,545,0,0,0
2020-05-28,"Australian Capital Territory","ACT",107,3,17069,107,104,0,0,0
2020-05-28,"New South Wales","NSW",3279,48,474223,3279,2670,13,1,1
2020-05-28,"Northern Territory","NT",29,0,7698,29,29,0,0,0
2020-05-28,"Queensland","QLD",1058,6,184039,1058,1045,4,1,1
2020-05-28,"South Australia","SA",440,4,93812,440,435,0,0,0
2020-05-28,"Tasmania","TAS",228,13,26592,228,205,4,0,0
2020-05-28,"Victoria","VIC",1628,19,480693,1628,1546,8,3,1
2020-05-28,"Western Australia","WA",573,9,83318,573,546,0,0,0
2020-05-29,"Australian Capital Territory","ACT",107,3,17374,107,104,0,0,0
2020-05-29,"New South Wales","NSW",3281,48,484185,3281,2666,13,1,1
2020-05-29,"Northern Territory","NT",29,0,7918,29,29,0,0,0
2020-05-29,"Queensland","QLD",1058,6,185936,1058,1045,1,1,1
2020-05-29,"South Australia","SA",440,4,95888,440,435,0,0,0
2020-05-29,"Tasmania","TAS",228,13,27498,228,205,2,0,0
2020-05-29,"Victoria","VIC",1634,19,493085,1634,1549,7,2,1
2020-05-29,"Western Australia","WA",581,9,85738,581,547,0,0,0
2020-05-30,"Australian Capital Territory","ACT",107,3,17792,107,104,0,0,0
2020-05-30,"New South Wales","NSW",3281,48,493637,3281,2683,12,1,1
2020-05-30,"Northern Territory","NT",29,0,8082,29,29,0,0,0
2020-05-30,"Queensland","QLD",1058,6,192062,1058,1045,1,1,1
2020-05-30,"South Australia","SA",440,4,98040,440,435,0,0,0
2020-05-30,"Tasmania","TAS",228,13,28158,228,207,2,0,0
2020-05-30,"Victoria","VIC",1645,19,501565,1645,1564,7,2,1
2020-05-30,"Western Australia","WA",581,9,89202,581,546,0,0,0
2020-05-31,"Australian Capital Territory","ACT",107,3,18114,107,104,0,0,0
2020-05-31,"New South Wales","NSW",3284,48,503464,3284,2685,11,1,0
2020-05-31,"Northern Territory","NT",29,0,8220,29,29,0,0,0
2020-05-31,"Queensland","QLD",1058,6,195437,1058,1046,1,1,0
2020-05-31,"South Australia","SA",440,4,99465,440,435,0,0,0
2020-05-31,"Tasmania","TAS",228,13,28647,228,208,2,0,0
2020-05-31,"Victoria","VIC",1649,19,509691,1649,1557,6,2,1
2020-05-31,"Western Australia","WA",584,9,91530,584,547,0,0,0
2020-06-01,"Australian Capital Territory","ACT",107,3,18425,107,104,0,0,0
2020-06-01,"New South Wales","NSW",3287,48,509227,3287,2685,10,1,0
2020-06-01,"Northern Territory","NT",29,0,8240,29,29,0,0,0
2020-06-01,"Queensland","QLD",1058,6,197367,1058,1046,1,1,0
2020-06-01,"South Australia","SA",440,4,100370,440,435,0,0,0
2020-06-01,"Tasmania","TAS",228,13,29049,228,209,2,0,0
2020-06-01,"Victoria","VIC",1653,19,515541,1653,1560,6,1,1
2020-06-01,"Western Australia","WA",585,9,94001,585,547,1,0,0
2020-06-02,"Australian Capital Territory","ACT",107,3,18634,107,104,0,0,0
2020-06-02,"New South Wales","NSW",3293,48,514651,3293,2687,11,1,0
2020-06-02,"Northern Territory","NT",29,0,8406,29,29,0,0,0
2020-06-02,"Queensland","QLD",1059,6,200391,1059,1046,2,1,1
2020-06-02,"South Australia","SA",440,4,102388,440,435,0,0,0
2020-06-02,"Tasmania","TAS",228,13,29610,228,209,2,0,0
2020-06-02,"Victoria","VIC",1663,19,521359,1663,1563,9,2,1
2020-06-02,"Western Australia","WA",585,9,94948,585,547,2,0,0
2020-06-03,"Australian Capital Territory","ACT",107,3,18899,107,104,0,0,0
2020-06-03,"New South Wales","NSW",3293,48,521669,3293,2691,11,2,0
2020-06-03,"Northern Territory","NT",29,0,8591,29,29,0,0,0
2020-06-03,"Queensland","QLD",1059,6,204258,1059,1046,2,1,1
2020-06-03,"South Australia","SA",440,4,104548,440,435,0,0,0
2020-06-03,"Tasmania","TAS",228,13,30316,228,210,2,0,0
2020-06-03,"Victoria","VIC",1670,19,526507,1670,1569,9,2,1
2020-06-03,"Western Australia","WA",586,9,97912,586,551,1,0,0
2020-06-04,"Australian Capital Territory","ACT",107,3,19337,107,104,0,0,0
2020-06-04,"New South Wales","NSW",3295,48,533034,3295,2700,11,1,0
2020-06-04,"Northern Territory","NT",29,0,8983,29,29,0,0,0
2020-06-04,"Queensland","QLD",1060,6,208758,1060,1046,2,1,1
2020-06-04,"South Australia","SA",440,4,106873,440,436,0,0,0
2020-06-04,"Tasmania","TAS",228,13,31063,228,210,2,0,0
2020-06-04,"Victoria","VIC",1678,19,536190,1678,1584,7,2,1
2020-06-04,"Western Australia","WA",586,9,102091,586,551,1,0,0
2020-06-05,"Australian Capital Territory","ACT",107,3,19736,107,104,0,0,0
2020-06-05,"New South Wales","NSW",3299,48,543205,3299,2714,10,1,0
2020-06-05,"Northern Territory","NT",29,0,9174,29,29,0,0,0
2020-06-05,"Queensland","QLD",1060,6,212870,1060,1046,2,1,1
2020-06-05,"South Australia","SA",440,4,111625,440,436,0,0,0
2020-06-05,"Tasmania","TAS",228,13,31813,228,210,2,0,0
2020-06-05,"Victoria","VIC",1681,19,542958,1681,1586,7,1,1
2020-06-05,"Western Australia","WA",590,9,107811,590,551,0,0,0
2020-06-06,"Australian Capital Territory","ACT",107,3,20132,107,104,0,0,0
2020-06-06,"New South Wales","NSW",3299,48,555956,3299,2719,9,0,0
2020-06-06,"Northern Territory","NT",29,0,9330,29,29,0,0,0
2020-06-06,"Queensland","QLD",1061,6,216458,1061,1046,2,1,1
2020-06-06,"South Australia","SA",440,4,113503,440,436,0,0,0
2020-06-06,"Tasmania","TAS",228,13,32283,228,210,2,0,0
2020-06-06,"Victoria","VIC",1681,19,530816,1681,1589,8,3,1
2020-06-06,"Western Australia","WA",591,9,112110,591,551,0,0,0
2020-06-07,"Australian Capital Territory","ACT",108,3,20487,108,104,0,0,0
2020-06-07,"New South Wales","NSW",3298,48,565163,3298,2723,9,0,0
2020-06-07,"Northern Territory","NT",29,0,9454,29,29,0,0,0
2020-06-07,"Queensland","QLD",1061,6,219422,1061,1046,2,1,1
2020-06-07,"South Australia","SA",440,4,114749,440,436,0,0,0
2020-06-07,"Tasmania","TAS",228,13,32724,228,211,1,0,0
2020-06-07,"Victoria","VIC",1685,19,539956,1685,1593,6,2,1
2020-06-07,"Western Australia","WA",591,9,115507,591,551,0,0,0
2020-06-08,"Australian Capital Territory","ACT",108,3,20683,108,104,0,0,0
2020-06-08,"New South Wales","NSW",3301,48,571113,3301,2724,9,0,0
2020-06-08,"Northern Territory","NT",29,0,9477,29,29,0,0,0
2020-06-08,"Queensland","QLD",1062,6,221212,1062,1050,2,1,1
2020-06-08,"South Australia","SA",440,4,115802,440,436,0,0,0
2020-06-08,"Tasmania","TAS",228,13,33023,228,211,1,0,0
2020-06-08,"Victoria","VIC",1687,19,543708,1687,1595,7,2,1
2020-06-08,"Western Australia","WA",591,9,118497,591,551,0,0,0
2020-06-09,"Australian Capital Territory","ACT",108,3,20975,108,104,0,0,0
2020-06-09,"New South Wales","NSW",3303,48,575856,3303,2729,9,0,0
2020-06-09,"Northern Territory","NT",29,0,9558,29,29,0,0,0
2020-06-09,"Queensland","QLD",1062,6,224050,1062,1051,2,1,1
2020-06-09,"South Australia","SA",440,4,116561,440,436,0,0,0
2020-06-09,"Tasmania","TAS",228,13,33398,228,211,1,0,0
2020-06-09,"Victoria","VIC",1687,19,547899,1687,1602,7,1,1
2020-06-09,"Western Australia","WA",591,9,122387,591,552,0,0,0
2020-06-10,"Australian Capital Territory","ACT",108,3,21411,108,104,0,0,0
2020-06-10,"New South Wales","NSW",3306,48,581559,3306,2735,9,0,0
2020-06-10,"Northern Territory","NT",29,0,9747,29,29,0,0,0
2020-06-10,"Queensland","QLD",1062,6,230792,1062,1051,1,1,1
2020-06-10,"South Australia","SA",440,4,117847,440,436,0,0,0
2020-06-10,"Tasmania","TAS",228,13,34054,228,211,1,0,0
2020-06-10,"Victoria","VIC",1691,19,557844,1691,1616,9,2,1
2020-06-10,"Western Australia","WA",591,9,126700,591,554,0,0,0
2020-06-11,"Australian Capital Territory","ACT",108,3,21938,108,104,0,0,0
2020-06-11,"New South Wales","NSW",3306,48,591305,3306,2738,10,0,0
2020-06-11,"Northern Territory","NT",29,0,9939,29,29,0,0,0
2020-06-11,"Queensland","QLD",1063,6,235917,1063,1051,1,1,1
2020-06-11,"South Australia","SA",440,4,119981,440,436,0,0,0
2020-06-11,"Tasmania","TAS",228,13,34674,228,211,1,0,0
2020-06-11,"Victoria","VIC",1699,19,564192,1699,1621,6,1,1
2020-06-11,"Western Australia","WA",591,9,133277,591,561,0,0,0
2020-06-12,"Australian Capital Territory","ACT",108,3,22492,108,104,0,0,0
2020-06-12,"New South Wales","NSW",3304,48,606525,3304,2743,10,0,0
2020-06-12,"Northern Territory","NT",29,0,10217,29,29,0,0,0
2020-06-12,"Queensland","QLD",1064,6,240861,1064,1051,2,1,1
2020-06-12,"South Australia","SA",440,4,122481,440,436,0,0,0
2020-06-12,"Tasmania","TAS",228,13,35498,228,213,1,0,0
2020-06-12,"Victoria","VIC",1703,19,572985,1703,1632,5,1,1
2020-06-12,"Western Australia","WA",592,9,134491,592,565,0,0,0
2020-06-13,"Australian Capital Territory","ACT",108,3,22779,108,104,0,0,0
2020-06-13,"New South Wales","NSW",3308,48,620650,3308,2763,9,0,0
2020-06-13,"Northern Territory","NT",29,0,10340,29,29,0,0,0
2020-06-13,"Queensland","QLD",1065,6,245713,1065,1051,2,1,0
2020-06-13,"South Australia","SA",440,4,124541,440,436,0,0,0
2020-06-13,"Tasmania","TAS",228,13,36008,228,213,0,0,0
2020-06-13,"Victoria","VIC",1711,19,582514,1711,1641,5,1,0
2020-06-13,"Western Australia","WA",592,9,140106,592,565,0,0,0
2020-06-14,"Australian Capital Territory","ACT",108,3,23217,108,104,0,0,0
2020-06-14,"New South Wales","NSW",3317,48,634241,3317,2766,9,0,0
2020-06-14,"Northern Territory","NT",29,0,10464,29,29,0,0,0
2020-06-14,"Queensland","QLD",1065,6,249627,1065,1051,1,1,0
2020-06-14,"South Australia","SA",440,4,125732,440,436,0,0,0
2020-06-14,"Tasmania","TAS",228,13,36314,228,213,0,0,0
2020-06-14,"Victoria","VIC",1720,19,590853,1720,1657,6,2,0
2020-06-14,"Western Australia","WA",592,9,141905,592,572,0,0,0
2020-06-15,"Australian Capital Territory","ACT",108,3,23571,108,104,0,0,0
2020-06-15,"New South Wales","NSW",3320,48,641442,3320,2766,9,0,0
2020-06-15,"Northern Territory","NT",29,0,10488,29,29,0,0,0
2020-06-15,"Queensland","QLD",1065,6,251322,1065,1051,1,1,0
2020-06-15,"South Australia","SA",440,4,126572,440,436,0,0,0
2020-06-15,"Tasmania","TAS",228,13,36471,228,213,0,0,0
2020-06-15,"Victoria","VIC",1732,19,594865,1732,1661,7,3,0
2020-06-15,"Western Australia","WA",592,9,143418,592,581,0,0,0
2020-06-16,"Australian Capital Territory","ACT",108,3,23837,108,104,0,0,0
2020-06-16,"New South Wales","NSW",3323,48,649337,3323,2768,10,0,0
2020-06-16,"Northern Territory","NT",29,0,10665,29,29,0,0,0
2020-06-16,"Queensland","QLD",1065,6,254554,1065,1051,1,1,1
2020-06-16,"South Australia","SA",440,4,127815,440,436,0,0,0
2020-06-16,"Tasmania","TAS",228,13,38826,228,213,0,0,0
2020-06-16,"Victoria","VIC",1741,19,599895,1741,1664,6,2,1
2020-06-16,"Western Australia","WA",592,9,143418,592,581,0,0,0
2020-06-17,"Australian Capital Territory","ACT",108,3,24428,108,105,0,0,0
2020-06-17,"New South Wales","NSW",3324,48,661226,3324,2770,10,0,0
2020-06-17,"Northern Territory","NT",29,0,10840,29,29,0,0,0
2020-06-17,"Queensland","QLD",1066,6,259902,1066,1052,1,1,1
2020-06-17,"South Australia","SA",440,4,130121,440,436,0,0,0
2020-06-17,"Tasmania","TAS",228,13,37356,228,215,0,0,0
2020-06-17,"Victoria","VIC",1762,19,608826,1762,1671,5,2,2
2020-06-17,"Western Australia","WA",592,9,148820,592,582,0,0,0
2020-06-18,"Australian Capital Territory","ACT",108,3,24971,108,105,0,0,0
2020-06-18,"New South Wales","NSW",3326,48,678618,3326,2770,9,0,0
2020-06-18,"Northern Territory","NT",29,0,11088,29,29,0,0,0
2020-06-18,"Queensland","QLD",1066,6,264106,1066,1052,1,1,0
2020-06-18,"South Australia","SA",440,4,132490,440,436,0,0,0
2020-06-18,"Tasmania","TAS",228,13,42395,228,215,0,0,0
2020-06-18,"Victoria","VIC",1780,19,621226,1780,1671,4,2,2
2020-06-18,"Western Australia","WA",593,9,152603,593,582,0,0,0
2020-06-19,"Australian Capital Territory","ACT",108,3,25300,108,105,0,0,0
2020-06-19,"New South Wales","NSW",3332,48,695981,3332,2770,9,0,0
2020-06-19,"Northern Territory","NT",29,0,11243,29,29,0,0,0
2020-06-19,"Queensland","QLD",1066,6,268286,1066,1053,1,0,0
2020-06-19,"South Australia","SA",440,4,134688,440,436,0,0,0
2020-06-19,"Tasmania","TAS",228,13,42995,228,215,0,0,0
2020-06-19,"Victoria","VIC",1792,19,635897,1792,1680,5,2,2
2020-06-19,"Western Australia","WA",593,9,155815,593,582,0,0,0
2020-06-20,"Australian Capital Territory","ACT",108,3,25564,108,105,0,0,0
2020-06-20,"New South Wales","NSW",3333,48,712174,3333,2771,10,0,0
2020-06-20,"Northern Territory","NT",29,0,11417,29,29,0,0,0
2020-06-20,"Queensland","QLD",1066,6,271860,1066,1053,1,0,0
2020-06-20,"South Australia","SA",440,4,136378,440,436,0,0,0
2020-06-20,"Tasmania","TAS",228,13,43822,228,215,0,0,0
2020-06-20,"Victoria","VIC",1817,19,645401,1817,1686,6,3,0
2020-06-20,"Western Australia","WA",593,9,158762,593,582,0,0,0
2020-06-21,"Australian Capital Territory","ACT",108,3,25905,108,105,0,0,0
2020-06-21,"New South Wales","NSW",3338,48,725817,3338,2771,8,0,0
2020-06-21,"Northern Territory","NT",29,0,11533,29,29,0,0,0
2020-06-21,"Queensland","QLD",1066,6,274688,1066,1053,1,0,0
2020-06-21,"South Australia","SA",440,4,137290,440,436,0,0,0
2020-06-21,"Tasmania","TAS",228,13,44025,228,215,0,0,0
2020-06-21,"Victoria","VIC",1836,19,660801,1836,1694,5,2,0
2020-06-21,"Western Australia","WA",594,9,161265,594,582,0,0,0
2020-06-22,"Australian Capital Territory","ACT",108,3,26075,108,105,0,0,0
2020-06-22,"New South Wales","NSW",3340,48,734669,3340,2771,8,0,0
2020-06-22,"Northern Territory","NT",29,0,11566,29,29,0,0,0
2020-06-22,"Queensland","QLD",1066,6,323895,1066,1053,1,0,0
2020-06-22,"South Australia","SA",440,4,138170,440,436,0,0,0
2020-06-22,"Tasmania","TAS",228,13,44294,228,215,0,0,0
2020-06-22,"Victoria","VIC",1847,19,667115,1847,1701,7,2,0
2020-06-22,"Western Australia","WA",594,9,162065,594,582,0,0,0
2020-06-23,"Australian Capital Territory","ACT",108,3,26480,108,105,0,0,0
2020-06-23,"New South Wales","NSW",3339,48,742962,3339,2771,9,0,0
2020-06-23,"Northern Territory","NT",29,0,11878,29,29,0,0,0
2020-06-23,"Queensland","QLD",1066,6,327530,1066,1053,1,0,0
2020-06-23,"South Australia","SA",440,4,139594,440,436,0,0,0
2020-06-23,"Tasmania","TAS",228,13,44966,228,215,0,0,0
2020-06-23,"Victoria","VIC",1864,19,675264,1864,1712,9,3,0
2020-06-23,"Western Australia","WA",596,9,164147,596,583,0,0,0
2020-06-24,"Australian Capital Territory","ACT",108,3,26937,108,105,0,0,0
2020-06-24,"New South Wales","NSW",3348,48,756240,3348,2771,8,0,0
2020-06-24,"Northern Territory","NT",29,0,12099,29,29,0,0,0
2020-06-24,"Queensland","QLD",1066,6,334084,1066,1053,1,0,0
2020-06-24,"South Australia","SA",440,4,141630,440,436,0,0,0
2020-06-24,"Tasmania","TAS",228,13,45970,228,215,0,0,0
2020-06-24,"Victoria","VIC",1884,20,696263,1884,1721,7,2,0
2020-06-24,"Western Australia","WA",596,9,167201,596,583,0,0,0
2020-06-25,"Australian Capital Territory","ACT",108,3,27529,108,105,0,0,0
2020-06-25,"New South Wales","NSW",3351,49,773415,3351,2776,8,0,0
2020-06-25,"Northern Territory","NT",29,0,12325,29,29,0,0,0
2020-06-25,"Queensland","QLD",1066,6,340581,1066,1054,1,0,0
2020-06-25,"South Australia","SA",440,4,143905,440,436,0,0,0
2020-06-25,"Tasmania","TAS",228,13,46824,228,215,0,0,0
2020-06-25,"Victoria","VIC",1917,20,716567,1917,1732,7,2,0
2020-06-25,"Western Australia","WA",596,9,171195,596,583,0,0,0
2020-06-26,"Australian Capital Territory","ACT",108,3,28053,108,105,0,0,0
2020-06-26,"New South Wales","NSW",3357,49,788693,3357,2782,4,0,0
2020-06-26,"Northern Territory","NT",29,0,12606,29,29,0,0,0
2020-06-26,"Queensland","QLD",1067,6,347610,1067,1054,2,0,0
2020-06-26,"South Australia","SA",440,4,146127,440,436,0,0,0
2020-06-26,"Tasmania","TAS",228,13,47685,228,215,0,0,0
2020-06-26,"Victoria","VIC",1947,20,736735,1947,1742,6,1,0
2020-06-26,"Western Australia","WA",596,9,174330,596,583,0,0,0
2020-06-27,"Australian Capital Territory","ACT",108,3,28364,108,105,0,0,0
2020-06-27,"New South Wales","NSW",3363,49,812427,3363,2784,5,0,0
2020-06-27,"Northern Territory","NT",29,0,12932,29,29,0,0,0
2020-06-27,"Queensland","QLD",1067,6,353085,1067,1054,2,0,0
2020-06-27,"South Australia","SA",440,4,147846,440,436,0,0,0
2020-06-27,"Tasmania","TAS",228,13,48239,228,215,0,0,0
2020-06-27,"Victoria","VIC",1987,20,758838,1987,1761,5,1,0
2020-06-27,"Western Australia","WA",596,9,174330,596,583,0,0,0
2020-06-28,"Australian Capital Territory","ACT",108,3,29008,108,105,0,0,0
2020-06-28,"New South Wales","NSW",3366,49,830541,3366,2784,3,0,0
2020-06-28,"Northern Territory","NT",29,0,13209,29,29,0,0,0
2020-06-28,"Queensland","QLD",1067,6,357915,1067,1054,1,0,0
2020-06-28,"South Australia","SA",440,4,148844,440,436,0,0,0
2020-06-28,"Tasmania","TAS",228,13,48536,228,215,0,0,0
2020-06-28,"Victoria","VIC",2028,20,776792,2028,1775,7,1,0
2020-06-28,"Western Australia","WA",597,9,174330,597,583,0,0,0
2020-06-29,"Australian Capital Territory","ACT",108,3,29282,108,105,0,0,0
2020-06-29,"New South Wales","NSW",3373,49,842374,3373,2784,5,0,0
2020-06-29,"Northern Territory","NT",29,0,13245,29,29,0,0,0
2020-06-29,"Queensland","QLD",1067,6,360469,1067,1054,1,0,0
2020-06-29,"South Australia","SA",443,4,149909,443,436,0,0,0
2020-06-29,"Tasmania","TAS",228,13,48917,228,215,0,0,0
2020-06-29,"Victoria","VIC",2099,20,792173,2099,1789,9,1,0
2020-06-29,"Western Australia","WA",597,9,179326,597,584,0,0,0
2020-06-30,"Australian Capital Territory","ACT",108,3,29593,108,105,0,0,0
2020-06-30,"New South Wales","NSW",3378,49,855324,3378,2784,4,0,0
2020-06-30,"Northern Territory","NT",29,0,13307,29,29,0,0,0
2020-06-30,"Queensland","QLD",1067,6,364981,1067,1054,1,0,0
2020-06-30,"South Australia","SA",443,4,151285,443,436,0,0,0
2020-06-30,"Tasmania","TAS",228,13,49390,228,215,0,0,0
2020-06-30,"Victoria","VIC",2159,20,809589,2159,1816,9,1,0
2020-06-30,"Western Australia","WA",599,9,182513,599,584,0,0,0
2020-07-01,"Australian Capital Territory","ACT",108,3,30332,108,105,0,0,0
2020-07-01,"New South Wales","NSW",3392,49,871567,3392,2787,2,1,0
2020-07-01,"Northern Territory","NT",29,0,13604,29,29,0,0,0
2020-07-01,"Queensland","QLD",1067,6,370973,1067,1054,1,0,0
2020-07-01,"South Australia","SA",443,4,153559,443,436,0,0,0
2020-07-01,"Tasmania","TAS",228,13,49767,228,215,0,0,0
2020-07-01,"Victoria","VIC",2231,20,830271,2231,1839,15,2,0
2020-07-01,"Western Australia","WA",599,9,185850,599,586,0,0,0
2020-07-02,"Australian Capital Territory","ACT",108,3,31197,108,105,0,0,0
2020-07-02,"New South Wales","NSW",3400,49,889914,3400,2787,2,1,0
2020-07-02,"Northern Territory","NT",30,0,13959,30,29,1,0,0
2020-07-02,"Queensland","QLD",1067,6,376719,1067,1054,1,0,0
2020-07-02,"South Australia","SA",443,4,155482,443,436,0,0,0
2020-07-02,"Tasmania","TAS",228,13,50967,228,215,0,0,0
2020-07-02,"Victoria","VIC",2303,20,856591,2303,1866,20,4,0
2020-07-02,"Western Australia","WA",599,9,188953,599,586,0,0,0
2020-07-03,"Australian Capital Territory","ACT",108,3,31563,108,105,0,0,0
2020-07-03,"New South Wales","NSW",3400,49,907762,3400,2787,2,1,0
2020-07-03,"Northern Territory","NT",30,0,14214,30,29,1,0,0
2020-07-03,"Queensland","QLD",1067,6,382114,1067,1054,1,0,0
2020-07-03,"South Australia","SA",443,4,157971,443,436,0,0,0
2020-07-03,"Tasmania","TAS",228,13,52002,228,215,0,0,0
2020-07-03,"Victoria","VIC",2368,20,881021,2368,1904,23,6,0
2020-07-03,"Western Australia","WA",599,9,191213,599,586,0,0,0
2020-07-04,"Australian Capital Territory","ACT",108,3,32016,108,105,0,0,0
2020-07-04,"New South Wales","NSW",3405,49,924318,3405,2788,2,1,0
2020-07-04,"Northern Territory","NT",30,0,14523,30,29,1,0,0
2020-07-04,"Queensland","QLD",1067,6,386727,1067,1055,1,0,0
2020-07-04,"South Australia","SA",443,4,160000,443,436,0,0,0
2020-07-04,"Tasmania","TAS",228,13,52665,228,215,0,0,0
2020-07-04,"Victoria","VIC",2469,20,906574,2469,1938,25,3,0
2020-07-04,"Western Australia","WA",599,9,191213,599,587,0,0,0
2020-07-05,"Australian Capital Territory","ACT",108,3,32273,108,105,0,0,0
2020-07-05,"New South Wales","NSW",3419,49,942432,3419,2799,2,1,0
2020-07-05,"Northern Territory","NT",30,0,14748,30,29,1,0,0
2020-07-05,"Queensland","QLD",1067,6,390572,1067,1055,1,0,0
2020-07-05,"South Australia","SA",443,4,161092,443,436,0,0,0
2020-07-05,"Tasmania","TAS",228,13,52934,228,215,0,0,0
2020-07-05,"Victoria","VIC",2536,20,928171,2536,1971,26,3,0
2020-07-05,"Western Australia","WA",605,9,191213,605,587,0,0,0
2020-07-06,"Australian Capital Territory","ACT",108,3,32562,108,105,0,0,0
2020-07-06,"New South Wales","NSW",3429,49,953987,3429,2799,1,1,0
2020-07-06,"Northern Territory","NT",30,0,14773,30,29,1,0,0
2020-07-06,"Queensland","QLD",1067,6,392238,1067,1055,1,0,0
2020-07-06,"South Australia","SA",443,4,161999,443,436,0,0,0
2020-07-06,"Tasmania","TAS",228,13,54799,228,215,0,0,0
2020-07-06,"Victoria","VIC",2660,22,952699,2660,1992,31,5,0
2020-07-06,"Western Australia","WA",608,9,196108,608,587,0,0,0
2020-07-07,"Australian Capital Territory","ACT",108,3,32562,108,105,0,0,0
2020-07-07,"New South Wales","NSW",3433,49,963733,3433,2798,2,1,0
2020-07-07,"Northern Territory","NT",30,0,15112,30,29,1,0,0
2020-07-07,"Queensland","QLD",1068,6,395027,1068,1055,1,0,0
2020-07-07,"South Australia","SA",443,4,163444,443,436,0,0,0
2020-07-07,"Tasmania","TAS",228,13,54092,228,215,0,0,0
2020-07-07,"Victoria","VIC",2824,22,979253,2824,2028,35,9,0
2020-07-07,"Western Australia","WA",608,9,197884,608,587,0,0,0
2020-07-08,"Australian Capital Territory","ACT",111,3,33223,111,105,0,0,0
2020-07-08,"New South Wales","NSW",3440,49,979060,3440,2797,3,1,0
2020-07-08,"Northern Territory","NT",30,0,15476,30,29,1,0,0
2020-07-08,"Queensland","QLD",1068,6,398844,1068,1056,1,0,0
2020-07-08,"South Australia","SA",443,4,165600,443,436,0,0,0
2020-07-08,"Tasmania","TAS",228,13,54639,228,215,0,0,0
2020-07-08,"Victoria","VIC",2942,22,1008677,2942,2058,41,7,0
2020-07-08,"Western Australia","WA",610,9,200887,610,588,0,0,0
2020-07-09,"Australian Capital Territory","ACT",112,3,33920,112,105,0,0,0
2020-07-09,"New South Wales","NSW",3453,49,997736,3453,2797,3,1,0
2020-07-09,"Northern Territory","NT",30,0,15784,30,29,1,0,0
2020-07-09,"Queensland","QLD",1068,6,406672,1068,1057,1,0,0
2020-07-09,"South Australia","SA",443,4,167653,443,439,0,0,0
2020-07-09,"Tasmania","TAS",228,13,55513,228,215,0,0,0
2020-07-09,"Victoria","VIC",3098,22,1030462,3098,2142,40,9,0
2020-07-09,"Western Australia","WA",613,9,203091,613,588,0,0,0
2020-07-10,"Australian Capital Territory","ACT",113,3,34801,113,105,0,0,0
2020-07-10,"New South Wales","NSW",3467,49,1007662,3467,2798,4,1,0
2020-07-10,"Northern Territory","NT",31,0,16092,31,29,2,0,0
2020-07-10,"Queensland","QLD",1068,6,412838,1068,1057,1,0,0
2020-07-10,"South Australia","SA",443,4,169757,443,439,0,0,0
2020-07-10,"Tasmania","TAS",228,13,56139,228,215,0,0,0
2020-07-10,"Victoria","VIC",3379,22,1068050,3379,2201,47,12,0
2020-07-10,"Western Australia","WA",616,9,204929,616,588,0,0,0
2020-07-11,"Australian Capital Territory","ACT",113,3,35872,113,105,0,0,0
2020-07-11,"New South Wales","NSW",3474,49,1024410,3474,2799,3,1,0
2020-07-11,"Northern Territory","NT",31,0,16734,31,29,2,0,0
2020-07-11,"Queensland","QLD",1070,6,417970,1070,1058,1,0,0
2020-07-11,"South Australia","SA",443,4,169757,443,439,0,0,0
2020-07-11,"Tasmania","TAS",228,13,56602,228,215,0,0,0
2020-07-11,"Victoria","VIC",3560,23,1095219,3560,2286,49,15,0
2020-07-11,"Western Australia","WA",618,9,204929,618,588,0,0,0
2020-07-12,"Australian Capital Territory","ACT",113,3,36632,113,105,0,0,0
2020-07-12,"New South Wales","NSW",3478,49,1039385,3478,2799,7,1,0
2020-07-12,"Northern Territory","NT",31,0,16962,31,29,2,0,0
2020-07-12,"Queensland","QLD",1070,6,421738,1070,1058,1,0,0
2020-07-12,"South Australia","SA",443,4,173296,443,439,0,0,0
2020-07-12,"Tasmania","TAS",228,13,57132,228,215,0,0,0
2020-07-12,"Victoria","VIC",3799,24,1125414,3799,2289,57,16,0
2020-07-12,"Western Australia","WA",619,9,204929,619,589,0,0,0
2020-07-13,"Australian Capital Territory","ACT",113,3,37233,113,105,0,0,0
2020-07-13,"New South Wales","NSW",3492,49,1050171,3492,2799,17,1,0
2020-07-13,"Northern Territory","NT",31,0,17028,31,29,2,0,0
2020-07-13,"Queensland","QLD",1071,6,423911,1071,1058,1,0,0
2020-07-13,"South Australia","SA",443,4,174553,443,439,0,0,0
2020-07-13,"Tasmania","TAS",228,13,57463,228,215,0,0,0
2020-07-13,"Victoria","VIC",3967,24,1148357,3967,2329,72,17,0
2020-07-13,"Western Australia","WA",619,9,209072,619,590,0,0,0
2020-07-14,"Australian Capital Territory","ACT",113,3,37556,113,105,0,0,0
2020-07-14,"New South Wales","NSW",3505,49,1062503,3505,2799,2,1,0
2020-07-14,"Northern Territory","NT",31,0,19667,31,29,2,0,0
2020-07-14,"Queensland","QLD",1071,6,428420,1071,1058,1,0,0
2020-07-14,"South Australia","SA",443,4,176370,443,439,0,0,0
2020-07-14,"Tasmania","TAS",228,13,57802,228,215,0,0,0
2020-07-14,"Victoria","VIC",4224,26,1170352,4224,2395,85,26,0
2020-07-14,"Western Australia","WA",620,9,209567,620,590,0,0,0
2020-07-15,"Australian Capital Territory","ACT",113,3,38685,113,105,0,0,0
2020-07-15,"New South Wales","NSW",3517,49,1080163,3517,2799,2,1,0
2020-07-15,"Northern Territory","NT",31,0,18645,31,29,2,0,0
2020-07-15,"Queensland","QLD",1071,6,435198,1071,1058,1,0,0
2020-07-15,"South Australia","SA",443,4,178869,443,439,0,0,0
2020-07-15,"Tasmania","TAS",228,13,58504,228,215,0,0,0
2020-07-15,"Victoria","VIC",4448,27,1197392,4448,2488,105,27,0
2020-07-15,"Western Australia","WA",628,9,214685,628,590,1,0,0
2020-07-16,"Australian Capital Territory","ACT",113,3,39658,113,105,0,0,0
2020-07-16,"New South Wales","NSW",3527,49,1102999,3527,2799,2,1,0
2020-07-16,"Northern Territory","NT",31,0,19005,31,29,1,0,0
2020-07-16,"Queensland","QLD",1071,6,441998,1071,1058,1,0,0
2020-07-16,"South Australia","SA",444,4,181413,444,440,0,0,0
2020-07-16,"Tasmania","TAS",228,13,59356,228,215,0,0,0
2020-07-16,"Victoria","VIC",4750,29,1225999,4750,2591,109,29,0
2020-07-16,"Western Australia","WA",630,9,217288,630,594,1,0,0
2020-07-17,"Australian Capital Territory","ACT",113,3,40533,113,105,0,0,0
2020-07-17,"New South Wales","NSW",3535,49,1127466,3535,2799,2,1,0
2020-07-17,"Northern Territory","NT",31,0,19359,31,29,1,0,0
2020-07-17,"Queensland","QLD",1071,6,448759,1071,1058,1,0,0
2020-07-17,"South Australia","SA",444,4,184086,444,440,0,0,0
2020-07-17,"Tasmania","TAS",228,13,60095,228,215,0,0,0
2020-07-17,"Victoria","VIC",5165,32,1250408,5165,2669,122,31,22
2020-07-17,"Western Australia","WA",632,9,219758,632,597,1,0,0
2020-07-18,"Australian Capital Territory","ACT",113,3,41273,113,105,0,0,0
2020-07-18,"New South Wales","NSW",3550,49,1155168,3550,2799,3,1,0
2020-07-18,"Northern Territory","NT",31,0,19655,31,29,1,0,0
2020-07-18,"Queensland","QLD",1071,6,454831,1071,1059,1,0,0
2020-07-18,"South Australia","SA",444,4,184086,444,440,0,0,0
2020-07-18,"Tasmania","TAS",228,13,60548,228,215,0,0,0
2020-07-18,"Victoria","VIC",5353,35,1278512,5353,2709,110,25,18
2020-07-18,"Western Australia","WA",633,9,219758,633,599,0,0,0
2020-07-19,"Australian Capital Territory","ACT",113,3,42003,113,105,0,0,0
2020-07-19,"New South Wales","NSW",3568,49,1181085,3568,2799,2,1,0
2020-07-19,"Northern Territory","NT",31,0,19907,31,29,1,0,0
2020-07-19,"Queensland","QLD",1071,6,459139,1071,1060,1,0,0
2020-07-19,"South Australia","SA",444,4,188428,444,440,0,0,0
2020-07-19,"Tasmania","TAS",228,13,60957,228,215,0,0,0
2020-07-19,"Victoria","VIC",5696,38,1305186,5696,2819,130,28,18
2020-07-19,"Western Australia","WA",633,9,219758,633,599,1,0,0
2020-07-20,"Australian Capital Territory","ACT",113,3,42504,113,107,0,0,0
2020-07-20,"New South Wales","NSW",3588,49,1202252,3588,2799,5,2,1
2020-07-20,"Northern Territory","NT",31,0,20026,31,29,1,0,0
2020-07-20,"Queensland","QLD",1072,6,461932,1072,1061,2,0,0
2020-07-20,"South Australia","SA",444,4,189805,444,440,0,0,0
2020-07-20,"Tasmania","TAS",229,13,61415,229,215,0,0,0
2020-07-20,"Victoria","VIC",5942,39,1331774,5942,2933,147,31,16
2020-07-20,"Western Australia","WA",633,9,224717,633,604,1,0,0
2020-07-21,"Australian Capital Territory","ACT",113,3,42723,113,107,0,0,0
2020-07-21,"New South Wales","NSW",3599,49,1218155,3599,2799,4,2,1
2020-07-21,"Northern Territory","NT",31,0,20348,31,29,1,0,0
2020-07-21,"Queensland","QLD",1072,6,466479,1072,1061,2,0,0
2020-07-21,"South Australia","SA",444,4,192436,444,440,0,0,0
2020-07-21,"Tasmania","TAS",229,13,61810,229,215,0,0,0
2020-07-21,"Victoria","VIC",6289,42,1361238,6289,3078,174,36,22
2020-07-21,"Western Australia","WA",633,9,227546,633,607,1,0,0
2020-07-22,"Australian Capital Territory","ACT",113,3,44078,113,107,0,0,0
2020-07-22,"New South Wales","NSW",3614,49,1236620,3614,2799,5,2,1
2020-07-22,"Northern Territory","NT",31,0,21137,31,29,1,0,0
2020-07-22,"Queensland","QLD",1073,6,474333,1073,1062,2,0,0
2020-07-22,"South Australia","SA",446,4,195367,446,441,0,0,0
2020-07-22,"Tasmania","TAS",229,13,62628,229,215,1,0,0
2020-07-22,"Victoria","VIC",6739,44,1385964,6739,3184,205,40,24
2020-07-22,"Western Australia","WA",633,9,230402,633,608,1,0,0
2020-07-23,"Australian Capital Territory","ACT",113,3,45407,113,109,0,0,0
2020-07-23,"New South Wales","NSW",3633,49,1261260,3633,2799,6,1,1
2020-07-23,"Northern Territory","NT",31,0,21542,31,29,1,0,0
2020-07-23,"Queensland","QLD",1074,6,482473,1074,1063,2,0,0
2020-07-23,"South Australia","SA",447,4,199703,447,441,0,0,0
2020-07-23,"Tasmania","TAS",229,13,63360,229,215,1,0,0
2020-07-23,"Victoria","VIC",7125,49,1413115,7125,3298,201,40,24
2020-07-23,"Western Australia","WA",633,9,232977,633,610,0,0,0
2020-07-24,"Australian Capital Territory","ACT",113,3,46215,113,109,0,0,0
2020-07-24,"New South Wales","NSW",3640,49,1297429,3640,2799,7,3,1
2020-07-24,"Northern Territory","NT",31,0,21825,31,29,1,0,0
2020-07-24,"Queensland","QLD",1076,6,489894,1076,1063,2,0,0
2020-07-24,"South Australia","SA",447,4,203045,447,441,0,0,0
2020-07-24,"Tasmania","TAS",229,13,64268,229,215,1,0,0
2020-07-24,"Victoria","VIC",7405,56,1437233,7405,3450,206,41,0
2020-07-24,"Western Australia","WA",633,9,235512,633,612,0,0,0
2020-07-25,"Australian Capital Territory","ACT",113,3,47288,113,109,0,0,0
2020-07-25,"New South Wales","NSW",3654,49,1327964,3654,2799,6,4,1
2020-07-25,"Northern Territory","NT",31,0,22108,31,29,1,0,0
2020-07-25,"Queensland","QLD",1076,6,497848,1076,1063,2,0,0
2020-07-25,"South Australia","SA",447,4,206049,447,441,0,0,0
2020-07-25,"Tasmania","TAS",229,13,65190,229,215,1,0,0
2020-07-25,"Victoria","VIC",7744,61,1457546,7744,3529,229,42,0
2020-07-25,"Western Australia","WA",633,9,235512,633,619,0,0,0
2020-07-26,"Australian Capital Territory","ACT",113,3,47917,113,109,0,0,0
2020-07-26,"New South Wales","NSW",3668,49,1353103,3668,2799,9,4,1
2020-07-26,"Northern Territory","NT",31,0,22251,31,29,1,0,0
2020-07-26,"Queensland","QLD",1076,6,502468,1076,1063,2,0,0
2020-07-26,"South Australia","SA",447,4,207884,447,441,0,0,0
2020-07-26,"Tasmania","TAS",229,13,65470,229,215,1,0,0
2020-07-26,"Victoria","VIC",8181,71,1500519,8181,3680,228,42,21
2020-07-26,"Western Australia","WA",635,9,235512,635,621,0,0,0
2020-07-27,"Australian Capital Territory","ACT",113,3,48240,113,109,0,0,0
2020-07-27,"New South Wales","NSW",3685,49,1375135,3685,2800,10,5,1
2020-07-27,"Northern Territory","NT",31,0,22526,31,29,1,0,0
2020-07-27,"Queensland","QLD",1076,6,505628,1076,1063,2,0,0
2020-07-27,"South Australia","SA",447,4,209996,447,441,0,0,0
2020-07-27,"Tasmania","TAS",229,13,66019,229,215,1,0,0
2020-07-27,"Victoria","VIC",8696,77,1518107,8696,3817,245,44,23
2020-07-27,"Western Australia","WA",635,9,241439,635,624,0,0,0
2020-07-28,"Australian Capital Territory","ACT",113,3,48686,113,109,0,0,0
2020-07-28,"New South Wales","NSW",3699,49,1391144,3699,2800,11,5,1
2020-07-28,"Northern Territory","NT",31,0,23084,31,29,1,0,0
2020-07-28,"Queensland","QLD",1076,6,510206,1076,1063,2,0,0
2020-07-28,"South Australia","SA",448,4,212490,448,441,0,0,0
2020-07-28,"Tasmania","TAS",229,13,66544,229,215,1,0,0
2020-07-28,"Victoria","VIC",9049,83,1536628,9049,3937,260,42,23
2020-07-28,"Western Australia","WA",636,9,243279,636,624,0,0,0
2020-07-29,"Australian Capital Territory","ACT",113,3,49618,113,109,0,0,0
2020-07-29,"New South Wales","NSW",3718,49,1409687,3718,2800,10,5,1
2020-07-29,"Northern Territory","NT",31,0,23511,31,30,1,0,0
2020-07-29,"Queensland","QLD",1079,6,518517,1079,1065,4,0,0
2020-07-29,"South Australia","SA",448,4,228850,448,441,0,0,0
2020-07-29,"Tasmania","TAS",229,13,67183,229,215,1,0,0
2020-07-29,"Victoria","VIC",9304,92,1554705,9304,4123,307,41,0
2020-07-29,"Western Australia","WA",638,9,246178,638,624,0,0,0
2020-07-30,"Australian Capital Territory","ACT",113,3,50368,113,109,0,0,0
2020-07-30,"New South Wales","NSW",3736,49,1436834,3736,2800,11,6,1
2020-07-30,"Northern Territory","NT",31,0,24078,31,30,1,0,0
2020-07-30,"Queensland","QLD",1082,6,526768,1082,1065,5,0,0
2020-07-30,"South Australia","SA",449,4,233614,449,441,0,0,0
2020-07-30,"Tasmania","TAS",229,13,68137,229,215,1,0,0
2020-07-30,"Victoria","VIC",9998,105,1574626,9998,4259,312,34,0
2020-07-30,"Western Australia","WA",639,9,248677,639,622,0,0,0
2020-07-31,"Australian Capital Territory","ACT",113,3,50856,113,109,0,0,0
2020-07-31,"New South Wales","NSW",3756,49,1462155,3756,2800,11,8,4
2020-07-31,"Northern Territory","NT",32,0,24538,32,30,1,0,0
2020-07-31,"Queensland","QLD",1083,6,535844,1083,1066,5,0,0
2020-07-31,"South Australia","SA",450,4,237766,450,443,0,0,0
2020-07-31,"Tasmania","TAS",229,13,68905,229,216,1,0,0
2020-07-31,"Victoria","VIC",10577,113,1608452,10577,4479,349,36,23
2020-07-31,"Western Australia","WA",640,9,249789,640,622,0,0,0
2020-08-01,"Australian Capital Territory","ACT",113,3,51714,113,110,0,0,0
2020-08-01,"New South Wales","NSW",3773,50,1485613,3773,2801,13,9,4
2020-08-01,"Northern Territory","NT",33,0,24915,33,30,3,0,0
2020-08-01,"Queensland","QLD",1084,6,549547,1084,1066,6,0,0
2020-08-01,"South Australia","SA",451,4,242141,451,443,0,0,0
2020-08-01,"Tasmania","TAS",229,13,69552,229,216,0,0,0
2020-08-01,"Victoria","VIC",10931,116,1633953,10931,4696,379,41,24
2020-08-01,"Western Australia","WA",640,9,249789,640,620,0,0,0
2020-08-02,"Australian Capital Territory","ACT",113,3,52639,113,110,0,0,0
2020-08-02,"New South Wales","NSW",3784,50,1508040,3784,2802,13,8,4
2020-08-02,"Northern Territory","NT",33,0,25211,33,30,3,0,0
2020-08-02,"Queensland","QLD",1085,6,560607,1085,1066,7,0,0
2020-08-02,"South Australia","SA",453,4,246160,453,443,0,0,0
2020-08-02,"Tasmania","TAS",229,13,69983,229,216,0,0,0
2020-08-02,"Victoria","VIC",11557,123,1651953,11557,4915,385,38,26
2020-08-02,"Western Australia","WA",641,9,249789,641,624,0,0,0
2020-08-03,"Australian Capital Territory","ACT",113,3,53182,113,110,0,0,0
2020-08-03,"New South Wales","NSW",3797,50,1526863,3797,2802,13,8,5
2020-08-03,"Northern Territory","NT",33,0,25351,33,30,3,0,0
2020-08-03,"Queensland","QLD",1085,6,569392,1085,1067,7,0,0
2020-08-03,"South Australia","SA",455,4,250229,455,443,0,0,0
2020-08-03,"Tasmania","TAS",229,13,70359,229,216,0,0,0
2020-08-03,"Victoria","VIC",11937,136,1676953,11937,5111,416,35,26
2020-08-03,"Western Australia","WA",641,9,257582,641,624,0,0,0
2020-08-04,"Australian Capital Territory","ACT",113,3,53678,113,110,0,0,0
2020-08-04,"New South Wales","NSW",3809,50,1539739,3809,2802,17,6,5
2020-08-04,"Northern Territory","NT",33,0,25550,33,30,3,0,0
2020-08-04,"Queensland","QLD",1085,6,581286,1085,1067,7,0,0
2020-08-04,"South Australia","SA",457,4,252855,457,443,0,0,0
2020-08-04,"Tasmania","TAS",229,13,70931,229,216,0,0,0
2020-08-04,"Victoria","VIC",12335,147,1697953,12335,5283,456,38,0
2020-08-04,"Western Australia","WA",641,9,259625,641,626,0,0,0
2020-08-05,"Australian Capital Territory","ACT",113,3,54336,113,110,0,0,0
2020-08-05,"New South Wales","NSW",3820,50,1561826,3820,2802,20,9,6
2020-08-05,"Northern Territory","NT",33,0,26014,33,30,3,0,0
2020-08-05,"Queensland","QLD",1088,6,595001,1088,1069,5,0,0
2020-08-05,"South Australia","SA",456,4,258408,456,444,0,0,0
2020-08-05,"Tasmania","TAS",229,13,71467,229,216,0,0,0
2020-08-05,"Victoria","VIC",13035,162,1721953,13035,5424,538,42,30
2020-08-05,"Western Australia","WA",642,9,263076,642,626,0,0,0
2020-08-06,"Australian Capital Territory","ACT",113,3,56007,113,110,0,0,0
2020-08-06,"New South Wales","NSW",3832,50,1589861,3832,2802,16,10,4
2020-08-06,"Northern Territory","NT",33,0,26563,33,30,3,0,0
2020-08-06,"Queensland","QLD",1088,6,609607,1088,1069,6,0,0
2020-08-06,"South Australia","SA",457,4,264410,457,445,0,0,0
2020-08-06,"Tasmania","TAS",229,13,72474,229,216,0,0,0
2020-08-06,"Victoria","VIC",13469,170,1746953,13469,5628,575,42,30
2020-08-06,"Western Australia","WA",642,9,266214,642,626,0,0,0
2020-08-07,"Australian Capital Territory","ACT",113,3,56219,113,110,0,0,0
2020-08-07,"New South Wales","NSW",3842,50,1617799,3842,2802,15,10,5
2020-08-07,"Northern Territory","NT",33,0,27125,33,30,3,0,0
2020-08-07,"Queensland","QLD",1088,6,638011,1088,1069,6,0,0
2020-08-07,"South Australia","SA",459,4,270926,459,445,1,0,0
2020-08-07,"Tasmania","TAS",229,13,73251,229,216,0,0,0
2020-08-07,"Victoria","VIC",13867,181,1771953,13867,5829,607,41,28
2020-08-07,"Western Australia","WA",642,9,268742,642,627,0,0,0
2020-08-08,"Australian Capital Territory","ACT",113,3,56723,113,110,0,0,0
2020-08-08,"New South Wales","NSW",3851,50,1642220,3851,2802,15,9,6
2020-08-08,"Northern Territory","NT",33,0,27618,33,30,3,0,0
2020-08-08,"Queensland","QLD",1088,6,656876,1088,1069,4,0,0
2020-08-08,"South Australia","SA",459,4,278180,459,446,1,0,0
2020-08-08,"Tasmania","TAS",229,13,73895,229,216,0,0,0
2020-08-08,"Victoria","VIC",14283,193,1759969,14283,6066,636,44,29
2020-08-08,"Western Australia","WA",642,9,268742,642,628,0,0,0
2020-08-09,"Australian Capital Territory","ACT",113,3,57290,113,110,0,0,0
2020-08-09,"New South Wales","NSW",3861,50,1673901,3861,2802,17,8,6
2020-08-09,"Northern Territory","NT",33,0,27946,33,30,3,0,0
2020-08-09,"Queensland","QLD",1088,6,668751,1088,1069,4,0,0
2020-08-09,"South Australia","SA",459,4,285214,459,446,1,0,0
2020-08-09,"Tasmania","TAS",229,13,74185,229,216,0,0,0
2020-08-09,"Victoria","VIC",14659,210,1801385,14659,6378,634,43,26
2020-08-09,"Western Australia","WA",642,9,268742,642,629,0,0,0
2020-08-10,"Australian Capital Territory","ACT",113,3,59852,113,110,0,0,0
2020-08-10,"New South Wales","NSW",3875,50,1693821,3875,2802,17,8,6
2020-08-10,"Northern Territory","NT",33,0,28123,33,30,3,0,0
2020-08-10,"Queensland","QLD",1089,6,677300,1089,1072,4,0,0
2020-08-10,"South Australia","SA",459,4,289707,459,447,0,0,0
2020-08-10,"Tasmania","TAS",229,13,74585,229,216,0,0,0
2020-08-10,"Victoria","VIC",14957,210,1820598,14957,6642,640,47,31
2020-08-10,"Western Australia","WA",642,9,274560,642,630,0,0,0
