"date","state","state_abbrev","confirmed","deaths","tests","positives","recovered","hosp","icu","vent"
2020-01-25,"Australian Capital Territory","ACT",0,0,0,0,0,0,0,0
2020-01-25,"New South Wales","NSW",3,0,0,0,0,0,0,0
2020-01-25,"Northern Territory","NT",0,0,0,0,0,0,0,0
2020-01-25,"Queensland","QLD",0,0,0,0,0,0,0,0
2020-01-25,"South Australia","SA",0,0,0,0,0,0,0,0
2020-01-25,"Tasmania","TAS",0,0,0,0,0,0,0,0
2020-01-25,"Victoria","VIC",1,0,0,0,0,0,0,0
2020-01-25,"Western Australia","WA",0,0,0,0,0,0,0,0
2020-01-26,"Australian Capital Territory","ACT",0,0,0,0,0,0,0,0
2020-01-26,"New South Wales","NSW",0,0,0,0,0,0,0,0
2020-01-26,"Northern Territory","NT",0,0,0,0,0,0,0,0
2020-01-26,"Queensland","QLD",0,0,0,0,0,0,0,0
2020-01-26,"South Australia","SA",0,0,0,0,0,0,0,0
2020-01-26,"Tasmania","TAS",0,0,0,0,0,0,0,0
2020-01-26,"Victoria","VIC",0,0,0,0,0,0,0,0
2020-01-26,"Western Australia","WA",0,0,0,0,0,0,0,0
2020-01-27,"Australian Capital Territory","ACT",0,0,0,0,0,0,0,0
2020-01-27,"New South Wales","NSW",1,0,0,0,0,0,0,0
2020-01-27,"Northern Territory","NT",0,0,0,0,0,0,0,0
2020-01-27,"Queensland","QLD",0,0,0,0,0,0,0,0
2020-01-27,"South Australia","SA",0,0,0,0,0,0,0,0
2020-01-27,"Tasmania","TAS",0,0,0,0,0,0,0,0
2020-01-27,"Victoria","VIC",0,0,0,0,0,0,0,0
2020-01-27,"Western Australia","WA",0,0,0,0,0,0,0,0
2020-01-28,"Australian Capital Territory","ACT",0,0,0,0,0,0,0,0
2020-01-28,"New South Wales","NSW",0,0,0,0,0,0,0,0
2020-01-28,"Northern Territory","NT",0,0,0,0,0,0,0,0
2020-01-28,"Queensland","QLD",0,0,0,0,0,0,0,0
2020-01-28,"South Australia","SA",0,0,0,0,0,0,0,0
2020-01-28,"Tasmania","TAS",0,0,0,0,0,0,0,0
2020-01-28,"Victoria","VIC",0,0,0,0,0,0,0,0
2020-01-28,"Western Australia","WA",0,0,0,0,0,0,0,0
2020-01-29,"Australian Capital Territory","ACT",0,0,0,0,0,0,0,0
2020-01-29,"New South Wales","NSW",0,0,0,0,0,0,0,0
2020-01-29,"Northern Territory","NT",0,0,0,0,0,0,0,0
2020-01-29,"Queensland","QLD",2,0,0,0,0,0,0,0
2020-01-29,"South Australia","SA",0,0,0,0,0,0,0,0
2020-01-29,"Tasmania","TAS",0,0,0,0,0,0,0,0
2020-01-29,"Victoria","VIC",2,0,0,0,0,0,0,0
2020-01-29,"Western Australia","WA",0,0,0,0,0,0,0,0
2020-01-30,"Australian Capital Territory","ACT",0,0,0,0,0,0,0,0
2020-01-30,"New South Wales","NSW",0,0,0,0,0,0,0,0
2020-01-30,"Northern Territory","NT",0,0,0,0,0,0,0,0
2020-01-30,"Queensland","QLD",0,0,0,0,0,0,0,0
2020-01-30,"South Australia","SA",0,0,0,0,0,0,0,0
2020-01-30,"Tasmania","TAS",0,0,0,0,0,0,0,0
2020-01-30,"Victoria","VIC",0,0,0,0,0,0,0,0
2020-01-30,"Western Australia","WA",0,0,0,0,0,0,0,0
2020-01-31,"Australian Capital Territory","ACT",0,0,0,0,0,0,0,0
2020-01-31,"New South Wales","NSW",0,0,0,0,0,0,0,0
2020-01-31,"Northern Territory","NT",0,0,0,0,0,0,0,0
2020-01-31,"Queensland","QLD",0,0,0,0,0,0,0,0
2020-01-31,"South Australia","SA",0,0,0,0,0,0,0,0
2020-01-31,"Tasmania","TAS",0,0,0,0,0,0,0,0
2020-01-31,"Victoria","VIC",0,0,0,0,0,0,0,0
2020-01-31,"Western Australia","WA",0,0,0,0,0,0,0,0
2020-02-01,"Australian Capital Territory","ACT",0,0,0,0,0,0,0,0
2020-02-01,"New South Wales","NSW",0,0,0,0,0,0,0,0
2020-02-01,"Northern Territory","NT",0,0,0,0,0,0,0,0
2020-02-01,"Queensland","QLD",0,0,0,0,0,0,0,0
2020-02-01,"South Australia","SA",0,0,0,0,0,0,0,0
2020-02-01,"Tasmania","TAS",0,0,0,0,0,0,0,0
2020-02-01,"Victoria","VIC",1,0,0,0,0,0,0,0
2020-02-01,"Western Australia","WA",0,0,0,0,0,0,0,0
2020-02-02,"Australian Capital Territory","ACT",0,0,0,0,0,0,0,0
2020-02-02,"New South Wales","NSW",0,0,0,0,0,0,0,0
2020-02-02,"Northern Territory","NT",0,0,0,0,0,0,0,0
2020-02-02,"Queensland","QLD",0,0,0,0,0,0,0,0
2020-02-02,"South Australia","SA",2,0,0,0,0,0,0,0
2020-02-02,"Tasmania","TAS",0,0,0,0,0,0,0,0
2020-02-02,"Victoria","VIC",0,0,0,0,0,0,0,0
2020-02-02,"Western Australia","WA",0,0,0,0,0,0,0,0
2020-02-03,"Australian Capital Territory","ACT",0,0,0,0,0,0,0,0
2020-02-03,"New South Wales","NSW",0,0,0,0,0,0,0,0
2020-02-03,"Northern Territory","NT",0,0,0,0,0,0,0,0
2020-02-03,"Queensland","QLD",0,0,0,0,0,0,0,0
2020-02-03,"South Australia","SA",0,0,0,0,0,0,0,0
2020-02-03,"Tasmania","TAS",0,0,0,0,0,0,0,0
2020-02-03,"Victoria","VIC",0,0,0,0,0,0,0,0
2020-02-03,"Western Australia","WA",0,0,0,0,0,0,0,0
2020-02-04,"Australian Capital Territory","ACT",0,0,0,0,0,0,0,0
2020-02-04,"New South Wales","NSW",0,0,0,0,0,0,0,0
2020-02-04,"Northern Territory","NT",0,0,0,0,0,0,0,0
2020-02-04,"Queensland","QLD",1,0,0,0,0,0,0,0
2020-02-04,"South Australia","SA",0,0,0,0,0,0,0,0
2020-02-04,"Tasmania","TAS",0,0,0,0,0,0,0,0
2020-02-04,"Victoria","VIC",0,0,0,0,0,0,0,0
2020-02-04,"Western Australia","WA",0,0,0,0,0,0,0,0
2020-02-05,"Australian Capital Territory","ACT",0,0,0,0,0,0,0,0
2020-02-05,"New South Wales","NSW",0,0,0,0,0,0,0,0
2020-02-05,"Northern Territory","NT",0,0,0,0,0,0,0,0
2020-02-05,"Queensland","QLD",1,0,0,0,0,0,0,0
2020-02-05,"South Australia","SA",0,0,0,0,0,0,0,0
2020-02-05,"Tasmania","TAS",0,0,0,0,0,0,0,0
2020-02-05,"Victoria","VIC",0,0,0,0,0,0,0,0
2020-02-05,"Western Australia","WA",0,0,0,0,0,0,0,0
2020-02-06,"Australian Capital Territory","ACT",0,0,0,0,0,0,0,0
2020-02-06,"New South Wales","NSW",0,0,0,0,0,0,0,0
2020-02-06,"Northern Territory","NT",0,0,0,0,0,0,0,0
2020-02-06,"Queensland","QLD",1,0,0,0,0,0,0,0
2020-02-06,"South Australia","SA",0,0,0,0,0,0,0,0
2020-02-06,"Tasmania","TAS",0,0,0,0,0,0,0,0
2020-02-06,"Victoria","VIC",0,0,0,0,0,0,0,0
2020-02-06,"Western Australia","WA",0,0,0,0,0,0,0,0
2020-02-07,"Australian Capital Territory","ACT",0,0,0,0,0,0,0,0
2020-02-07,"New South Wales","NSW",0,0,0,0,0,0,0,0
2020-02-07,"Northern Territory","NT",0,0,0,0,0,0,0,0
2020-02-07,"Queensland","QLD",0,0,0,0,0,0,0,0
2020-02-07,"South Australia","SA",0,0,0,0,0,0,0,0
2020-02-07,"Tasmania","TAS",0,0,0,0,0,0,0,0
2020-02-07,"Victoria","VIC",0,0,0,0,0,0,0,0
2020-02-07,"Western Australia","WA",0,0,0,0,0,0,0,0
2020-02-08,"Australian Capital Territory","ACT",0,0,0,0,0,0,0,0
2020-02-08,"New South Wales","NSW",0,0,0,0,0,0,0,0
2020-02-08,"Northern Territory","NT",0,0,0,0,0,0,0,0
2020-02-08,"Queensland","QLD",0,0,0,0,0,0,0,0
2020-02-08,"South Australia","SA",0,0,0,0,0,0,0,0
2020-02-08,"Tasmania","TAS",0,0,0,0,0,0,0,0
2020-02-08,"Victoria","VIC",0,0,0,0,0,0,0,0
2020-02-08,"Western Australia","WA",0,0,0,0,0,0,0,0
2020-02-09,"Australian Capital Territory","ACT",0,0,0,0,0,0,0,0
2020-02-09,"New South Wales","NSW",0,0,0,0,0,0,0,0
2020-02-09,"Northern Territory","NT",0,0,0,0,0,0,0,0
2020-02-09,"Queensland","QLD",0,0,0,0,0,0,0,0
2020-02-09,"South Australia","SA",0,0,0,0,0,0,0,0
2020-02-09,"Tasmania","TAS",0,0,0,0,0,0,0,0
2020-02-09,"Victoria","VIC",0,0,0,0,0,0,0,0
2020-02-09,"Western Australia","WA",0,0,0,0,0,0,0,0
2020-02-10,"Australian Capital Territory","ACT",0,0,0,0,0,0,0,0
2020-02-10,"New South Wales","NSW",0,0,0,0,0,0,0,0
2020-02-10,"Northern Territory","NT",0,0,0,0,0,0,0,0
2020-02-10,"Queensland","QLD",0,0,0,0,0,0,0,0
2020-02-10,"South Australia","SA",0,0,0,0,0,0,0,0
2020-02-10,"Tasmania","TAS",0,0,0,0,0,0,0,0
2020-02-10,"Victoria","VIC",0,0,0,0,0,0,0,0
2020-02-10,"Western Australia","WA",0,0,0,0,0,0,0,0
2020-02-11,"Australian Capital Territory","ACT",0,0,0,0,0,0,0,0
2020-02-11,"New South Wales","NSW",0,0,0,0,0,0,0,0
2020-02-11,"Northern Territory","NT",0,0,0,0,0,0,0,0
2020-02-11,"Queensland","QLD",0,0,0,0,0,0,0,0
2020-02-11,"South Australia","SA",0,0,0,0,0,0,0,0
2020-02-11,"Tasmania","TAS",0,0,0,0,0,0,0,0
2020-02-11,"Victoria","VIC",0,0,0,0,0,0,0,0
2020-02-11,"Western Australia","WA",0,0,0,0,0,0,0,0
2020-02-12,"Australian Capital Territory","ACT",0,0,0,0,0,0,0,0
2020-02-12,"New South Wales","NSW",0,0,0,0,0,0,0,0
2020-02-12,"Northern Territory","NT",0,0,0,0,0,0,0,0
2020-02-12,"Queensland","QLD",0,0,0,0,0,0,0,0
2020-02-12,"South Australia","SA",0,0,0,0,0,0,0,0
2020-02-12,"Tasmania","TAS",0,0,0,0,0,0,0,0
2020-02-12,"Victoria","VIC",0,0,0,0,0,0,0,0
2020-02-12,"Western Australia","WA",0,0,0,0,0,0,0,0
2020-02-13,"Australian Capital Territory","ACT",0,0,0,0,0,0,0,0
2020-02-13,"New South Wales","NSW",0,0,0,0,0,0,0,0
2020-02-13,"Northern Territory","NT",0,0,0,0,0,0,0,0
2020-02-13,"Queensland","QLD",0,0,0,0,0,0,0,0
2020-02-13,"South Australia","SA",0,0,0,0,0,0,0,0
2020-02-13,"Tasmania","TAS",0,0,0,0,0,0,0,0
2020-02-13,"Victoria","VIC",0,0,0,0,0,0,0,0
2020-02-13,"Western Australia","WA",0,0,0,0,0,0,0,0
2020-02-14,"Australian Capital Territory","ACT",0,0,0,0,0,0,0,0
2020-02-14,"New South Wales","NSW",0,0,0,0,0,0,0,0
2020-02-14,"Northern Territory","NT",0,0,0,0,0,0,0,0
2020-02-14,"Queensland","QLD",0,0,0,0,0,0,0,0
2020-02-14,"South Australia","SA",0,0,0,0,0,0,0,0
2020-02-14,"Tasmania","TAS",0,0,0,0,0,0,0,0
2020-02-14,"Victoria","VIC",0,0,0,0,0,0,0,0
2020-02-14,"Western Australia","WA",0,0,0,0,0,0,0,0
2020-02-15,"Australian Capital Territory","ACT",0,0,0,0,0,0,0,0
2020-02-15,"New South Wales","NSW",0,0,0,0,0,0,0,0
2020-02-15,"Northern Territory","NT",0,0,0,0,0,0,0,0
2020-02-15,"Queensland","QLD",0,0,0,0,0,0,0,0
2020-02-15,"South Australia","SA",0,0,0,0,0,0,0,0
2020-02-15,"Tasmania","TAS",0,0,0,0,0,0,0,0
2020-02-15,"Victoria","VIC",0,0,0,0,0,0,0,0
2020-02-15,"Western Australia","WA",0,0,0,0,0,0,0,0
2020-02-16,"Australian Capital Territory","ACT",0,0,0,0,0,0,0,0
2020-02-16,"New South Wales","NSW",0,0,0,0,0,0,0,0
2020-02-16,"Northern Territory","NT",0,0,0,0,0,0,0,0
2020-02-16,"Queensland","QLD",0,0,0,0,0,0,0,0
2020-02-16,"South Australia","SA",0,0,0,0,0,0,0,0
2020-02-16,"Tasmania","TAS",0,0,0,0,0,0,0,0
2020-02-16,"Victoria","VIC",0,0,0,0,0,0,0,0
2020-02-16,"Western Australia","WA",0,0,0,0,0,0,0,0
2020-02-17,"Australian Capital Territory","ACT",0,0,0,0,0,0,0,0
2020-02-17,"New South Wales","NSW",0,0,0,0,0,0,0,0
2020-02-17,"Northern Territory","NT",0,0,0,0,0,0,0,0
2020-02-17,"Queensland","QLD",0,0,0,0,0,0,0,0
2020-02-17,"South Australia","SA",0,0,0,0,0,0,0,0
2020-02-17,"Tasmania","TAS",0,0,0,0,0,0,0,0
2020-02-17,"Victoria","VIC",0,0,0,0,0,0,0,0
2020-02-17,"Western Australia","WA",0,0,0,0,0,0,0,0
2020-02-18,"Australian Capital Territory","ACT",0,0,0,0,0,0,0,0
2020-02-18,"New South Wales","NSW",0,0,0,0,0,0,0,0
2020-02-18,"Northern Territory","NT",0,0,0,0,0,0,0,0
2020-02-18,"Queensland","QLD",0,0,0,0,0,0,0,0
2020-02-18,"South Australia","SA",0,0,0,0,0,0,0,0
2020-02-18,"Tasmania","TAS",0,0,0,0,0,0,0,0
2020-02-18,"Victoria","VIC",0,0,0,0,0,0,0,0
2020-02-18,"Western Australia","WA",0,0,0,0,0,0,0,0
2020-02-19,"Australian Capital Territory","ACT",0,0,0,0,0,0,0,0
2020-02-19,"New South Wales","NSW",0,0,0,0,0,0,0,0
2020-02-19,"Northern Territory","NT",0,0,0,0,0,0,0,0
2020-02-19,"Queensland","QLD",0,0,0,0,0,0,0,0
2020-02-19,"South Australia","SA",0,0,0,0,0,0,0,0
2020-02-19,"Tasmania","TAS",0,0,0,0,0,0,0,0
2020-02-19,"Victoria","VIC",0,0,0,0,0,0,0,0
2020-02-19,"Western Australia","WA",0,0,0,0,0,0,0,0
2020-02-20,"Australian Capital Territory","ACT",0,0,0,0,0,0,0,0
2020-02-20,"New South Wales","NSW",0,0,0,0,0,0,0,0
2020-02-20,"Northern Territory","NT",0,0,0,0,0,0,0,0
2020-02-20,"Queensland","QLD",0,0,0,0,0,0,0,0
2020-02-20,"South Australia","SA",0,0,0,0,0,0,0,0
2020-02-20,"Tasmania","TAS",0,0,0,0,0,0,0,0
2020-02-20,"Victoria","VIC",0,0,0,0,0,0,0,0
2020-02-20,"Western Australia","WA",0,0,0,0,0,0,0,0
2020-02-21,"Australian Capital Territory","ACT",0,0,0,0,0,0,0,0
2020-02-21,"New South Wales","NSW",0,0,0,0,0,0,0,0
2020-02-21,"Northern Territory","NT",0,0,0,0,0,0,0,0
2020-02-21,"Queensland","QLD",2,0,0,0,0,0,0,0
2020-02-21,"South Australia","SA",1,0,0,0,0,0,0,0
2020-02-21,"Tasmania","TAS",0,0,0,0,0,0,0,0
2020-02-21,"Victoria","VIC",0,0,0,0,0,0,0,0
2020-02-21,"Western Australia","WA",1,0,0,0,0,0,0,0
2020-02-22,"Australian Capital Territory","ACT",0,0,0,0,0,0,0,0
2020-02-22,"New South Wales","NSW",0,0,0,0,0,0,0,0
2020-02-22,"Northern Territory","NT",0,0,0,0,0,0,0,0
2020-02-22,"Queensland","QLD",1,0,0,0,0,0,0,0
2020-02-22,"South Australia","SA",0,0,0,0,0,0,0,0
2020-02-22,"Tasmania","TAS",0,0,0,0,0,0,0,0
2020-02-22,"Victoria","VIC",0,0,0,0,0,0,0,0
2020-02-22,"Western Australia","WA",0,0,0,0,0,0,0,0
2020-02-23,"Australian Capital Territory","ACT",0,0,0,0,0,0,0,0
2020-02-23,"New South Wales","NSW",0,0,0,0,0,0,0,0
2020-02-23,"Northern Territory","NT",0,0,0,0,0,0,0,0
2020-02-23,"Queensland","QLD",0,0,0,0,0,0,0,0
2020-02-23,"South Australia","SA",0,0,0,0,0,0,0,0
2020-02-23,"Tasmania","TAS",0,0,0,0,0,0,0,0
2020-02-23,"Victoria","VIC",0,0,0,0,0,0,0,0
2020-02-23,"Western Australia","WA",0,0,0,0,0,0,0,0
2020-02-24,"Australian Capital Territory","ACT",0,0,0,0,0,0,0,0
2020-02-24,"New South Wales","NSW",0,0,0,0,0,0,0,0
2020-02-24,"Northern Territory","NT",0,0,0,0,0,0,0,0
2020-02-24,"Queensland","QLD",0,0,0,0,0,0,0,0
2020-02-24,"South Australia","SA",0,0,0,0,0,0,0,0
2020-02-24,"Tasmania","TAS",0,0,0,0,0,0,0,0
2020-02-24,"Victoria","VIC",0,0,0,0,0,0,0,0
2020-02-24,"Western Australia","WA",0,0,0,0,0,0,0,0
2020-02-25,"Australian Capital Territory","ACT",0,0,0,0,0,0,0,0
2020-02-25,"New South Wales","NSW",0,0,0,0,0,0,0,0
2020-02-25,"Northern Territory","NT",0,0,0,0,0,0,0,0
2020-02-25,"Queensland","QLD",0,0,0,0,0,0,0,0
2020-02-25,"South Australia","SA",0,0,0,0,0,0,0,0
2020-02-25,"Tasmania","TAS",0,0,0,0,0,0,0,0
2020-02-25,"Victoria","VIC",0,0,0,0,0,0,0,0
2020-02-25,"Western Australia","WA",0,0,0,0,0,0,0,0
2020-02-26,"Australian Capital Territory","ACT",0,0,0,0,0,0,0,0
2020-02-26,"New South Wales","NSW",0,0,0,0,0,0,0,0
2020-02-26,"Northern Territory","NT",0,0,0,0,0,0,0,0
2020-02-26,"Queensland","QLD",0,0,0,0,0,0,0,0
2020-02-26,"South Australia","SA",0,0,0,0,0,0,0,0
2020-02-26,"Tasmania","TAS",0,0,0,0,0,0,0,0
2020-02-26,"Victoria","VIC",0,0,0,0,0,0,0,0
2020-02-26,"Western Australia","WA",0,0,0,0,0,0,0,0
2020-02-27,"Australian Capital Territory","ACT",0,0,0,0,0,0,0,0
2020-02-27,"New South Wales","NSW",0,0,0,0,0,0,0,0
2020-02-27,"Northern Territory","NT",0,0,0,0,0,0,0,0
2020-02-27,"Queensland","QLD",0,0,0,0,0,0,0,0
2020-02-27,"South Australia","SA",0,0,0,0,0,0,0,0
2020-02-27,"Tasmania","TAS",0,0,0,0,0,0,0,0
2020-02-27,"Victoria","VIC",3,0,0,0,0,0,0,0
2020-02-27,"Western Australia","WA",0,0,0,0,0,0,0,0
2020-02-28,"Australian Capital Territory","ACT",0,0,0,0,0,0,0,0
2020-02-28,"New South Wales","NSW",0,0,0,0,0,0,0,0
2020-02-28,"Northern Territory","NT",0,0,0,0,0,0,0,0
2020-02-28,"Queensland","QLD",1,0,0,0,0,0,0,0
2020-02-28,"South Australia","SA",0,0,0,0,0,0,0,0
2020-02-28,"Tasmania","TAS",0,0,0,0,0,0,0,0
2020-02-28,"Victoria","VIC",0,0,0,0,0,0,0,0
2020-02-28,"Western Australia","WA",1,0,0,0,0,0,0,0
2020-02-29,"Australian Capital Territory","ACT",0,0,0,0,0,0,0,0
2020-02-29,"New South Wales","NSW",0,0,0,0,0,0,0,0
2020-02-29,"Northern Territory","NT",0,0,0,0,0,0,0,0
2020-02-29,"Queensland","QLD",0,0,0,0,0,0,0,0
2020-02-29,"South Australia","SA",0,0,0,0,0,0,0,0
2020-02-29,"Tasmania","TAS",0,0,0,0,0,0,0,0
2020-02-29,"Victoria","VIC",0,0,0,0,0,0,0,0
2020-02-29,"Western Australia","WA",0,0,0,0,0,0,0,0
2020-03-01,"Australian Capital Territory","ACT",0,0,0,0,0,0,0,0
2020-03-01,"New South Wales","NSW",1,0,0,0,0,0,0,0
2020-03-01,"Northern Territory","NT",0,0,0,0,0,0,0,0
2020-03-01,"Queensland","QLD",0,0,0,0,0,0,0,0
2020-03-01,"South Australia","SA",0,0,0,0,0,0,0,0
2020-03-01,"Tasmania","TAS",0,0,0,0,0,0,0,0
2020-03-01,"Victoria","VIC",2,0,0,0,0,0,0,0
2020-03-01,"Western Australia","WA",0,1,0,0,0,0,0,0
2020-03-02,"Australian Capital Territory","ACT",0,0,0,0,0,0,0,0
2020-03-02,"New South Wales","NSW",4,0,0,4,0,0,0,0
2020-03-02,"Northern Territory","NT",0,0,0,0,0,0,0,0
2020-03-02,"Queensland","QLD",0,0,0,0,0,0,0,0
2020-03-02,"South Australia","SA",0,0,0,0,0,0,0,0
2020-03-02,"Tasmania","TAS",0,0,0,0,0,0,0,0
2020-03-02,"Victoria","VIC",0,0,0,0,0,0,0,0
2020-03-02,"Western Australia","WA",0,0,0,0,0,0,0,0
2020-03-03,"Australian Capital Territory","ACT",0,0,0,0,0,0,0,0
2020-03-03,"New South Wales","NSW",6,1,0,6,0,0,0,0
2020-03-03,"Northern Territory","NT",0,0,0,0,0,0,0,0
2020-03-03,"Queensland","QLD",1,0,0,1,0,0,0,0
2020-03-03,"South Australia","SA",0,0,0,0,0,0,0,0
2020-03-03,"Tasmania","TAS",1,0,0,1,0,0,0,0
2020-03-03,"Victoria","VIC",0,0,0,0,0,0,0,0
2020-03-03,"Western Australia","WA",0,0,0,0,0,0,0,0
2020-03-04,"Australian Capital Territory","ACT",0,0,0,0,0,0,0,0
2020-03-04,"New South Wales","NSW",7,0,0,7,0,0,0,0
2020-03-04,"Northern Territory","NT",0,0,0,0,0,0,0,0
2020-03-04,"Queensland","QLD",1,0,0,1,0,0,0,0
2020-03-04,"South Australia","SA",2,0,0,2,0,0,0,0
2020-03-04,"Tasmania","TAS",0,0,0,0,0,0,0,0
2020-03-04,"Victoria","VIC",1,0,0,1,0,0,0,0
2020-03-04,"Western Australia","WA",0,0,0,0,0,0,0,0
2020-03-05,"Australian Capital Territory","ACT",0,0,0,0,0,0,0,0
2020-03-05,"New South Wales","NSW",3,0,0,3,0,0,0,0
2020-03-05,"Northern Territory","NT",0,0,0,0,0,0,0,0
2020-03-05,"Queensland","QLD",2,0,0,2,0,0,0,0
2020-03-05,"South Australia","SA",2,0,0,2,0,0,0,0
2020-03-05,"Tasmania","TAS",0,0,0,0,0,0,0,0
2020-03-05,"Victoria","VIC",0,0,0,0,0,0,0,0
2020-03-05,"Western Australia","WA",1,0,0,1,0,0,0,0
2020-03-06,"Australian Capital Territory","ACT",0,0,0,0,0,0,0,0
2020-03-06,"New South Wales","NSW",3,0,0,3,0,0,0,0
2020-03-06,"Northern Territory","NT",0,0,0,0,0,0,0,0
2020-03-06,"Queensland","QLD",1,0,0,1,0,0,0,0
2020-03-06,"South Australia","SA",0,0,0,0,0,0,0,0
2020-03-06,"Tasmania","TAS",0,0,0,0,0,0,0,0
2020-03-06,"Victoria","VIC",0,0,0,0,0,0,0,0
2020-03-06,"Western Australia","WA",0,0,0,0,0,0,0,0
2020-03-07,"Australian Capital Territory","ACT",0,0,0,0,0,0,0,0
2020-03-07,"New South Wales","NSW",8,0,7214,8,0,0,0,0
2020-03-07,"Northern Territory","NT",0,0,0,0,0,0,0,0
2020-03-07,"Queensland","QLD",0,0,0,0,0,0,0,0
2020-03-07,"South Australia","SA",0,0,0,0,0,0,0,0
2020-03-07,"Tasmania","TAS",1,0,0,1,0,0,0,0
2020-03-07,"Victoria","VIC",1,0,0,1,0,0,0,0
2020-03-07,"Western Australia","WA",0,0,0,0,0,0,0,0
2020-03-08,"Australian Capital Territory","ACT",0,0,0,0,0,0,0,0
2020-03-08,"New South Wales","NSW",4,0,794,4,0,0,0,0
2020-03-08,"Northern Territory","NT",0,0,0,0,0,0,0,0
2020-03-08,"Queensland","QLD",1,0,0,1,0,0,0,0
2020-03-08,"South Australia","SA",0,0,0,0,0,0,0,0
2020-03-08,"Tasmania","TAS",0,0,0,0,0,0,0,0
2020-03-08,"Victoria","VIC",1,0,0,1,0,0,0,0
2020-03-08,"Western Australia","WA",1,0,0,1,0,0,0,0
2020-03-09,"Australian Capital Territory","ACT",0,0,0,0,0,0,0,0
2020-03-09,"New South Wales","NSW",7,1,363,7,0,0,0,0
2020-03-09,"Northern Territory","NT",0,0,0,0,0,0,0,0
2020-03-09,"Queensland","QLD",0,0,0,0,0,0,0,0
2020-03-09,"South Australia","SA",0,0,0,0,0,0,0,0
2020-03-09,"Tasmania","TAS",0,0,0,0,0,0,0,0
2020-03-09,"Victoria","VIC",3,0,0,3,0,0,0,0
2020-03-09,"Western Australia","WA",2,0,0,2,0,0,0,0
2020-03-10,"Australian Capital Territory","ACT",0,0,0,0,0,0,0,0
2020-03-10,"New South Wales","NSW",14,0,1794,14,0,0,0,0
2020-03-10,"Northern Territory","NT",0,0,0,0,0,0,0,0
2020-03-10,"Queensland","QLD",3,0,0,3,0,0,0,0
2020-03-10,"South Australia","SA",0,0,0,0,0,0,0,0
2020-03-10,"Tasmania","TAS",0,0,0,0,0,0,0,0
2020-03-10,"Victoria","VIC",3,0,0,3,0,0,0,0
2020-03-10,"Western Australia","WA",0,0,0,0,0,0,0,0
2020-03-11,"Australian Capital Territory","ACT",0,0,0,0,0,0,0,0
2020-03-11,"New South Wales","NSW",4,0,56,4,0,0,0,0
2020-03-11,"Northern Territory","NT",0,0,0,0,0,0,0,0
2020-03-11,"Queensland","QLD",2,0,0,2,0,0,0,0
2020-03-11,"South Australia","SA",2,0,0,2,0,0,0,0
2020-03-11,"Tasmania","TAS",1,0,0,1,0,0,0,0
2020-03-11,"Victoria","VIC",3,0,0,3,0,0,0,0
2020-03-11,"Western Australia","WA",3,0,0,3,0,0,0,0
2020-03-12,"Australian Capital Territory","ACT",1,0,0,1,0,0,0,0
2020-03-12,"New South Wales","NSW",13,0,4635,13,0,0,0,0
2020-03-12,"Northern Territory","NT",0,0,0,0,0,0,0,0
2020-03-12,"Queensland","QLD",7,0,0,7,0,0,0,0
2020-03-12,"South Australia","SA",3,0,0,3,0,0,0,0
2020-03-12,"Tasmania","TAS",0,0,0,0,0,0,0,0
2020-03-12,"Victoria","VIC",6,0,0,6,0,0,0,0
2020-03-12,"Western Australia","WA",0,0,0,0,0,0,0,0
2020-03-13,"Australian Capital Territory","ACT",0,0,0,0,0,0,0,0
2020-03-13,"New South Wales","NSW",14,0,1829,14,0,0,0,0
2020-03-13,"Northern Territory","NT",0,0,0,0,0,0,0,0
2020-03-13,"Queensland","QLD",8,1,0,8,0,0,0,0
2020-03-13,"South Australia","SA",4,0,0,4,0,0,0,0
2020-03-13,"Tasmania","TAS",1,0,0,1,0,0,0,0
2020-03-13,"Victoria","VIC",9,0,0,9,0,0,0,0
2020-03-13,"Western Australia","WA",5,0,0,5,0,0,0,0
2020-03-14,"Australian Capital Territory","ACT",0,0,0,0,0,0,0,0
2020-03-14,"New South Wales","NSW",20,1,3811,20,0,0,0,0
2020-03-14,"Northern Territory","NT",0,0,0,0,0,0,0,0
2020-03-14,"Queensland","QLD",11,0,0,11,0,0,0,0
2020-03-14,"South Australia","SA",3,0,0,3,0,0,0,0
2020-03-14,"Tasmania","TAS",1,0,0,1,0,0,0,0
2020-03-14,"Victoria","VIC",13,0,0,13,0,0,0,0
2020-03-14,"Western Australia","WA",3,0,0,3,0,0,0,0
2020-03-15,"Australian Capital Territory","ACT",0,0,0,0,0,0,0,0
2020-03-15,"New South Wales","NSW",22,0,2071,22,0,0,0,0
2020-03-15,"Northern Territory","NT",0,0,0,0,0,0,0,0
2020-03-15,"Queensland","QLD",15,0,0,15,0,0,0,0
2020-03-15,"South Australia","SA",1,0,0,1,0,0,0,0
2020-03-15,"Tasmania","TAS",1,0,0,1,0,0,0,0
2020-03-15,"Victoria","VIC",8,0,0,8,0,0,0,0
2020-03-15,"Western Australia","WA",1,0,0,1,0,0,0,0
2020-03-16,"Australian Capital Territory","ACT",1,0,0,1,0,0,0,0
2020-03-16,"New South Wales","NSW",37,0,4397,37,0,0,0,0
2020-03-16,"Northern Territory","NT",0,0,0,0,0,0,0,0
2020-03-16,"Queensland","QLD",7,0,0,7,0,0,0,0
2020-03-16,"South Australia","SA",9,0,0,9,0,0,0,0
2020-03-16,"Tasmania","TAS",1,0,0,1,0,0,0,0
2020-03-16,"Victoria","VIC",14,0,11700,14,0,0,0,0
2020-03-16,"Western Australia","WA",10,0,0,10,0,0,0,0
2020-03-17,"Australian Capital Territory","ACT",0,0,0,0,0,0,0,0
2020-03-17,"New South Wales","NSW",39,0,3280,39,0,0,0,0
2020-03-17,"Northern Territory","NT",0,0,0,0,0,0,0,0
2020-03-17,"Queensland","QLD",10,0,0,10,0,0,0,0
2020-03-17,"South Australia","SA",3,0,0,3,0,0,0,0
2020-03-17,"Tasmania","TAS",0,0,0,0,0,0,0,0
2020-03-17,"Victoria","VIC",23,0,2500,23,0,0,0,0
2020-03-17,"Western Australia","WA",3,0,0,3,0,0,0,0
2020-03-18,"Australian Capital Territory","ACT",1,0,0,1,0,0,0,0
2020-03-18,"New South Wales","NSW",57,1,5556,57,0,0,0,0
2020-03-18,"Northern Territory","NT",0,0,0,0,0,0,0,0
2020-03-18,"Queensland","QLD",16,0,0,16,0,0,0,0
2020-03-18,"South Australia","SA",5,0,0,5,0,0,0,0
2020-03-18,"Tasmania","TAS",3,0,0,3,0,0,0,0
2020-03-18,"Victoria","VIC",27,0,1000,27,0,0,0,0
2020-03-18,"Western Australia","WA",4,0,0,4,0,0,0,0
2020-03-19,"Australian Capital Territory","ACT",1,0,0,1,0,0,0,0
2020-03-19,"New South Wales","NSW",40,0,3289,40,0,0,0,0
2020-03-19,"Northern Territory","NT",0,0,0,0,0,0,0,0
2020-03-19,"Queensland","QLD",50,0,27064,50,0,0,0,0
2020-03-19,"South Australia","SA",5,0,0,5,0,0,0,0
2020-03-19,"Tasmania","TAS",0,0,0,0,0,0,0,0
2020-03-19,"Victoria","VIC",29,0,1980,29,28,0,0,0
2020-03-19,"Western Australia","WA",17,0,0,17,0,0,0,0
2020-03-20,"Australian Capital Territory","ACT",2,0,2218,2,0,0,0,0
2020-03-20,"New South Wales","NSW",46,1,1562,46,0,0,0,0
2020-03-20,"Northern Territory","NT",2,0,0,2,0,0,0,0
2020-03-20,"Queensland","QLD",40,0,1322,40,0,0,0,0
2020-03-20,"South Australia","SA",8,0,0,8,0,0,0,0
2020-03-20,"Tasmania","TAS",0,0,807,0,0,0,0,0
2020-03-20,"Victoria","VIC",28,0,2157,28,11,0,0,0
2020-03-20,"Western Australia","WA",12,0,0,12,0,0,0,0
2020-03-21,"Australian Capital Territory","ACT",3,0,0,3,0,0,0,0
2020-03-21,"New South Wales","NSW",83,0,6241,83,0,0,0,0
2020-03-21,"Northern Territory","NT",2,0,0,2,0,0,0,0
2020-03-21,"Queensland","QLD",37,0,1481,37,0,0,0,0
2020-03-21,"South Australia","SA",17,0,0,17,0,0,0,0
2020-03-21,"Tasmania","TAS",6,0,0,6,0,0,0,0
2020-03-21,"Victoria","VIC",51,0,1163,51,12,0,0,0
2020-03-21,"Western Australia","WA",26,0,0,26,0,0,0,0
2020-03-22,"Australian Capital Territory","ACT",10,0,196,10,0,0,0,0
2020-03-22,"New South Wales","NSW",97,0,5771,97,0,0,0,0
2020-03-22,"Northern Territory","NT",0,0,0,0,0,0,0,0
2020-03-22,"Queensland","QLD",38,0,1442,38,0,0,0,0
2020-03-22,"South Australia","SA",33,0,0,33,0,0,0,0
2020-03-22,"Tasmania","TAS",5,0,-807,5,0,0,0,0
2020-03-22,"Victoria","VIC",67,0,2400,67,19,0,0,0
2020-03-22,"Western Australia","WA",30,0,0,30,0,0,0,0
2020-03-23,"Australian Capital Territory","ACT",13,0,194,13,0,0,0,0
2020-03-23,"New South Wales","NSW",136,0,4278,136,0,0,0,0
2020-03-23,"Northern Territory","NT",0,0,0,0,0,0,0,0
2020-03-23,"Queensland","QLD",60,0,1085,60,0,0,0,0
2020-03-23,"South Australia","SA",34,0,0,34,0,0,0,0
2020-03-23,"Tasmania","TAS",6,0,0,6,0,0,0,0
2020-03-23,"Victoria","VIC",59,0,800,59,27,0,0,0
2020-03-23,"Western Australia","WA",20,0,0,20,0,0,0,0
2020-03-24,"Australian Capital Territory","ACT",7,0,211,7,0,0,0,0
2020-03-24,"New South Wales","NSW",149,1,4907,149,0,0,0,0
2020-03-24,"Northern Territory","NT",1,0,0,1,0,0,0,0
2020-03-24,"Queensland","QLD",78,0,0,78,0,0,0,0
2020-03-24,"South Australia","SA",36,0,0,36,0,0,0,0
2020-03-24,"Tasmania","TAS",8,0,1139,8,0,0,0,0
2020-03-24,"Victoria","VIC",56,0,1300,56,16,0,0,0
2020-03-24,"Western Australia","WA",35,0,0,35,0,0,0,0
2020-03-25,"Australian Capital Territory","ACT",5,0,189,5,0,0,0,0
2020-03-25,"New South Wales","NSW",211,0,6329,211,0,0,0,0
2020-03-25,"Northern Territory","NT",0,0,0,0,1,0,0,0
2020-03-25,"Queensland","QLD",46,1,6466,46,0,0,0,0
2020-03-25,"South Australia","SA",27,0,19269,27,0,0,0,0
2020-03-25,"Tasmania","TAS",6,0,133,6,0,0,0,0
2020-03-25,"Victoria","VIC",55,0,500,55,15,0,0,0
2020-03-25,"Western Australia","WA",30,0,0,30,0,0,0,0
2020-03-26,"Australian Capital Territory","ACT",9,0,264,9,1,0,0,0
2020-03-26,"New South Wales","NSW",190,0,5829,190,0,0,0,0
2020-03-26,"Northern Territory","NT",7,0,0,7,0,0,0,0
2020-03-26,"Queensland","QLD",50,0,0,50,0,0,0,0
2020-03-26,"South Australia","SA",38,0,1407,38,0,0,0,0
2020-03-26,"Tasmania","TAS",5,0,0,5,0,0,0,0
2020-03-26,"Victoria","VIC",54,3,1400,54,21,0,0,0
2020-03-26,"Western Australia","WA",26,1,11519,26,0,0,0,0
2020-03-27,"Australian Capital Territory","ACT",9,0,488,9,1,0,0,0
2020-03-27,"New South Wales","NSW",186,0,3683,186,0,0,0,0
2020-03-27,"Northern Territory","NT",2,0,0,2,1,0,0,0
2020-03-27,"Queensland","QLD",62,0,4105,62,0,0,0,0
2020-03-27,"South Australia","SA",22,0,2824,22,0,0,0,0
2020-03-27,"Tasmania","TAS",12,0,507,12,0,0,0,0
2020-03-27,"Victoria","VIC",54,0,4100,54,23,0,0,0
2020-03-27,"Western Australia","WA",24,0,572,24,28,0,0,0
2020-03-28,"Australian Capital Territory","ACT",9,0,299,9,0,0,0,0
2020-03-28,"New South Wales","NSW",212,1,8835,212,0,0,0,0
2020-03-28,"Northern Territory","NT",1,0,0,1,0,0,0,0
2020-03-28,"Queensland","QLD",70,0,0,70,0,0,0,0
2020-03-28,"South Australia","SA",30,0,1237,30,0,0,0,0
2020-03-28,"Tasmania","TAS",4,0,0,4,0,0,0,0
2020-03-28,"Victoria","VIC",111,0,4000,111,19,0,0,0
2020-03-28,"Western Australia","WA",23,0,880,23,0,0,0,0
2020-03-29,"Australian Capital Territory","ACT",6,0,248,6,0,0,0,0
2020-03-29,"New South Wales","NSW",174,0,6575,174,0,0,0,0
2020-03-29,"Northern Territory","NT",0,0,1000,0,0,0,0,0
2020-03-29,"Queensland","QLD",31,1,2034,31,0,0,0,0
2020-03-29,"South Australia","SA",12,0,945,12,0,0,0,0
2020-03-29,"Tasmania","TAS",4,0,0,4,0,0,0,0
2020-03-29,"Victoria","VIC",84,1,4000,84,2,0,0,0
2020-03-29,"Western Australia","WA",33,0,677,33,0,0,0,0
2020-03-30,"Australian Capital Territory","ACT",1,1,0,1,-2,0,0,0
2020-03-30,"New South Wales","NSW",127,0,3347,127,0,0,0,0
2020-03-30,"Northern Territory","NT",0,0,0,0,0,0,0,0
2020-03-30,"Queensland","QLD",33,0,2026,33,0,0,0,0
2020-03-30,"South Australia","SA",6,0,520,6,0,0,0,0
2020-03-30,"Tasmania","TAS",3,1,-1779,3,0,0,0,0
2020-03-30,"Victoria","VIC",52,0,3000,52,55,0,0,0
2020-03-30,"Western Australia","WA",44,0,540,44,13,0,0,0
2020-03-31,"Australian Capital Territory","ACT",2,0,136,2,3,0,0,0
2020-03-31,"New South Wales","NSW",114,0,3505,114,0,0,0,0
2020-03-31,"Northern Territory","NT",4,0,1100,4,1,0,0,0
2020-03-31,"Queensland","QLD",54,0,2357,54,0,0,0,0
2020-03-31,"South Australia","SA",32,0,1142,32,0,0,0,0
2020-03-31,"Tasmania","TAS",0,1,0,0,0,0,0,0
2020-03-31,"Victoria","VIC",96,0,3000,96,43,32,6,0
2020-03-31,"Western Australia","WA",9,0,516,9,7,0,0,0
2020-04-01,"Australian Capital Territory","ACT",4,0,415,4,5,8,2,2
2020-04-01,"New South Wales","NSW",150,2,5592,150,0,218,42,23
2020-04-01,"Northern Territory","NT",0,0,31,0,0,16,1,1
2020-04-01,"Queensland","QLD",38,0,1471,38,0,66,9,7
2020-04-01,"South Australia","SA",30,0,1484,30,0,23,8,0
2020-04-01,"Tasmania","TAS",2,0,2218,2,0,9,0,0
2020-04-01,"Victoria","VIC",51,1,2000,51,52,4,0,0
2020-04-01,"Western Australia","WA",28,0,818,28,16,24,8,0
2020-04-02,"Australian Capital Territory","ACT",3,0,160,3,3,3,2,0
2020-04-02,"New South Wales","NSW",116,0,4994,116,0,13,1,-2
2020-04-02,"Northern Territory","NT",3,0,142,3,0,2,0,0
2020-04-02,"Queensland","QLD",54,1,932,54,0,-6,0,1
2020-04-02,"South Australia","SA",18,0,1048,18,44,-4,-1,0
2020-04-02,"Tasmania","TAS",3,0,0,3,0,1,1,0
2020-04-02,"Victoria","VIC",68,1,2000,68,79,1,1,0
2020-04-02,"Western Australia","WA",8,0,668,8,28,5,1,0
2020-04-03,"Australian Capital Territory","ACT",4,0,204,4,7,1,4,0
2020-04-03,"New South Wales","NSW",91,2,3918,91,0,0,-1,1
2020-04-03,"Northern Territory","NT",4,0,193,4,0,1,0,-1
2020-04-03,"Queensland","QLD",38,0,2656,38,0,-6,1,0
2020-04-03,"South Australia","SA",11,0,1046,11,2,-1,1,0
2020-04-03,"Tasmania","TAS",6,0,-2218,6,0,0,0,0
2020-04-03,"Victoria","VIC",49,1,2000,49,54,0,0,0
2020-04-03,"Western Australia","WA",22,1,676,22,0,0,0,0
2020-04-04,"Australian Capital Territory","ACT",2,1,106,2,0,-6,-5,0
2020-04-04,"New South Wales","NSW",104,0,3178,104,0,20,-1,1
2020-04-04,"Northern Territory","NT",0,0,176,0,0,4,-1,0
2020-04-04,"Queensland","QLD",27,0,1559,27,0,-7,1,0
2020-04-04,"South Australia","SA",11,0,1115,11,0,1,0,0
2020-04-04,"Tasmania","TAS",2,0,0,2,0,1,1,0
2020-04-04,"Victoria","VIC",30,1,3000,30,51,5,3,0
2020-04-04,"Western Australia","WA",14,0,385,14,0,32,8,0
2020-04-05,"Australian Capital Territory","ACT",3,0,-70,3,0,1,0,0
2020-04-05,"New South Wales","NSW",87,4,3800,87,0,-1,-1,0
2020-04-05,"Northern Territory","NT",1,0,111,1,0,1,0,0
2020-04-05,"Queensland","QLD",7,1,1795,7,0,-4,1,0
2020-04-05,"South Australia","SA",2,0,826,2,0,1,2,0
2020-04-05,"Tasmania","TAS",4,0,2845,4,0,0,0,0
2020-04-05,"Victoria","VIC",20,0,2000,20,46,5,1,0
2020-04-05,"Western Australia","WA",17,0,946,17,56,-3,1,0
2020-04-06,"Australian Capital Territory","ACT",0,0,71,0,0,0,0,0
2020-04-06,"New South Wales","NSW",57,3,2605,57,0,0,0,0
2020-04-06,"Northern Territory","NT",0,0,52,0,0,0,0,0
2020-04-06,"Queensland","QLD",14,0,695,14,0,0,0,2
2020-04-06,"South Australia","SA",2,0,440,2,0,0,0,0
2020-04-06,"Tasmania","TAS",3,0,127,3,0,0,0,0
2020-04-06,"Victoria","VIC",23,2,1000,23,47,-2,0,0
2020-04-06,"Western Australia","WA",7,1,529,7,14,0,0,0
2020-04-07,"Australian Capital Territory","ACT",1,0,168,1,24,-1,0,0
2020-04-07,"New South Wales","NSW",49,2,2108,49,1356,-147,-3,1
2020-04-07,"Northern Territory","NT",0,0,194,0,0,0,0,0
2020-04-07,"Queensland","QLD",13,0,3344,13,173,-1,1,1
2020-04-07,"South Australia","SA",4,1,528,4,43,-4,0,0
2020-04-07,"Tasmania","TAS",9,1,220,9,30,2,0,0
2020-04-07,"Victoria","VIC",33,1,1000,33,66,2,2,0
2020-04-07,"Western Australia","WA",10,2,475,10,8,-4,-3,0
2020-04-08,"Australian Capital Territory","ACT",2,0,182,2,5,-2,0,0
2020-04-08,"New South Wales","NSW",48,0,2945,48,0,-11,-1,-1
2020-04-08,"Northern Territory","NT",0,0,63,0,0,0,0,0
2020-04-08,"Queensland","QLD",9,0,1718,9,172,-7,-2,0
2020-04-08,"South Australia","SA",5,1,762,5,31,0,-2,0
2020-04-08,"Tasmania","TAS",9,0,103,9,8,0,0,0
2020-04-08,"Victoria","VIC",21,1,2000,21,50,-2,-1,0
2020-04-08,"Western Australia","WA",11,0,895,11,0,-20,0,0
2020-04-09,"Australian Capital Territory","ACT",1,0,123,1,7,-1,-1,0
2020-04-09,"New South Wales","NSW",39,0,3906,39,0,-4,-5,-1
2020-04-09,"Northern Territory","NT",0,0,112,0,0,0,0,0
2020-04-09,"Queensland","QLD",10,0,3214,10,27,-2,1,1
2020-04-09,"South Australia","SA",1,1,693,1,45,-1,-2,0
2020-04-09,"Tasmania","TAS",4,0,102,4,8,2,0,0
2020-04-09,"Victoria","VIC",16,0,2000,16,70,5,1,0
2020-04-09,"Western Australia","WA",14,0,616,14,17,0,0,0
2020-04-10,"Australian Capital Territory","ACT",3,0,215,3,5,1,0,0
2020-04-10,"New South Wales","NSW",49,1,4444,49,0,-5,-2,2
2020-04-10,"Northern Territory","NT",0,0,69,0,0,0,0,0
2020-04-10,"Queensland","QLD",12,0,2428,12,-4,3,0,0
2020-04-10,"South Australia","SA",7,0,430,7,14,0,0,0
2020-04-10,"Tasmania","TAS",11,1,194,11,2,-7,0,0
2020-04-10,"Victoria","VIC",13,1,0,13,120,-7,0,0
2020-04-10,"Western Australia","WA",11,0,432,11,16,-11,-5,0
2020-04-11,"Australian Capital Territory","ACT",0,0,86,0,3,0,0,0
2020-04-11,"New South Wales","NSW",35,1,649,35,0,-5,1,0
2020-04-11,"Northern Territory","NT",0,0,57,0,0,0,0,0
2020-04-11,"Queensland","QLD",9,0,2305,9,0,-8,0,0
2020-04-11,"South Australia","SA",1,0,443,1,46,0,1,0
2020-04-11,"Tasmania","TAS",11,0,0,11,2,0,0,0
2020-04-11,"Victoria","VIC",24,1,5000,24,60,1,2,0
2020-04-11,"Western Australia","WA",8,0,961,8,13,16,2,0
2020-04-12,"Australian Capital Territory","ACT",-1,0,56,-1,5,-1,0,0
2020-04-12,"New South Wales","NSW",-3,1,3687,-3,0,0,0,-2
2020-04-12,"Northern Territory","NT",0,0,55,0,1,-2,0,0
2020-04-12,"Queensland","QLD",9,0,814,9,0,2,0,-1
2020-04-12,"South Australia","SA",0,1,290,0,14,-1,-1,0
2020-04-12,"Tasmania","TAS",11,1,179,11,0,2,0,0
2020-04-12,"Victoria","VIC",3,0,0,3,29,0,-1,0
2020-04-12,"Western Australia","WA",3,0,1013,3,23,-1,3,0
2020-04-13,"Australian Capital Territory","ACT",1,0,32,1,5,0,0,-1
2020-04-13,"New South Wales","NSW",9,2,2603,9,0,-1,0,0
2020-04-13,"Northern Territory","NT",0,0,26,0,0,0,0,0
2020-04-13,"Queensland","QLD",4,0,857,4,74,-7,-1,0
2020-04-13,"South Australia","SA",2,0,255,2,1,-1,0,0
2020-04-13,"Tasmania","TAS",6,0,605,6,4,1,0,0
2020-04-13,"Victoria","VIC",13,0,3000,13,60,-4,0,12
2020-04-13,"Western Australia","WA",6,0,817,6,12,0,-1,0
2020-04-14,"Australian Capital Territory","ACT",0,0,100,0,3,0,0,0
2020-04-14,"New South Wales","NSW",7,0,1429,7,0,3,2,-2
2020-04-14,"Northern Territory","NT",0,0,61,0,0,0,0,0
2020-04-14,"Queensland","QLD",11,0,843,11,0,1,0,0
2020-04-14,"South Australia","SA",2,0,335,2,13,-2,-2,0
2020-04-14,"Tasmania","TAS",15,1,127,15,0,1,0,0
2020-04-14,"Victoria","VIC",10,0,1000,10,43,0,1,0
2020-04-14,"Western Australia","WA",4,0,462,4,45,0,0,0
2020-04-15,"Australian Capital Territory","ACT",0,1,199,0,2,-1,-1,0
2020-04-15,"New South Wales","NSW",16,0,1305,16,0,-7,-3,-1
2020-04-15,"Northern Territory","NT",0,0,47,0,1,-1,0,0
2020-04-15,"Queensland","QLD",1,0,1467,1,0,-1,0,-1
2020-04-15,"South Australia","SA",0,0,506,0,26,-1,0,0
2020-04-15,"Tasmania","TAS",4,0,144,4,0,1,0,0
2020-04-15,"Victoria","VIC",8,0,1000,8,19,-1,3,0
2020-04-15,"Western Australia","WA",5,0,216,5,42,-5,-6,0
2020-04-16,"Australian Capital Territory","ACT",0,0,129,0,2,0,0,-1
2020-04-16,"New South Wales","NSW",11,0,3200,11,0,-9,-3,1
2020-04-16,"Northern Territory","NT",0,0,32,0,2,-1,0,0
2020-04-16,"Queensland","QLD",2,0,2247,2,0,-2,0,-1
2020-04-16,"South Australia","SA",1,0,844,1,29,0,0,0
2020-04-16,"Tasmania","TAS",11,0,164,11,8,2,0,0
2020-04-16,"Victoria","VIC",2,0,1000,2,16,-3,-1,-3
2020-04-16,"Western Australia","WA",3,0,1010,3,2,0,-2,0
2020-04-17,"Australian Capital Territory","ACT",0,0,135,0,2,0,0,0
2020-04-17,"New South Wales","NSW",29,0,4988,29,0,-1,0,0
2020-04-17,"Northern Territory","NT",0,0,85,0,2,-1,0,0
2020-04-17,"Queensland","QLD",6,0,2500,6,0,-2,0,0
2020-04-17,"South Australia","SA",1,0,929,1,23,-3,-3,0
2020-04-17,"Tasmania","TAS",4,1,288,4,2,1,0,0
2020-04-17,"Victoria","VIC",1,0,2000,1,6,-4,-4,0
2020-04-17,"Western Australia","WA",6,1,602,6,37,1,0,0
2020-04-18,"Australian Capital Territory","ACT",0,0,102,0,7,-1,0,0
2020-04-18,"New South Wales","NSW",10,2,5152,10,0,-6,-1,-1
2020-04-18,"Northern Territory","NT",0,0,19,0,1,-2,0,0
2020-04-18,"Queensland","QLD",8,1,2536,8,296,3,-2,-2
2020-04-18,"South Australia","SA",0,0,1943,0,15,0,0,0
2020-04-18,"Tasmania","TAS",4,1,278,4,1,1,0,0
2020-04-18,"Victoria","VIC",17,0,4000,17,13,-2,-1,-1
2020-04-18,"Western Australia","WA",3,0,950,3,11,-1,0,0
2020-04-19,"Australian Capital Territory","ACT",0,0,37,0,1,0,-1,0
2020-04-19,"New South Wales","NSW",21,1,4683,21,0,0,-4,-1
2020-04-19,"Northern Territory","NT",0,0,88,0,1,-1,0,0
2020-04-19,"Queensland","QLD",4,0,1972,4,0,0,-1,0
2020-04-19,"South Australia","SA",0,0,2049,0,8,0,0,0
2020-04-19,"Tasmania","TAS",9,0,944,9,3,1,0,0
2020-04-19,"Victoria","VIC",9,1,3000,9,16,-1,-2,0
2020-04-19,"Western Australia","WA",1,0,1713,1,38,-5,0,0
2020-04-20,"Australian Capital Territory","ACT",1,0,170,1,2,0,0,0
2020-04-20,"New South Wales","NSW",6,0,3489,6,0,-4,1,-2
2020-04-20,"Northern Territory","NT",0,0,18,0,0,0,0,0
2020-04-20,"Queensland","QLD",0,0,1135,0,0,-2,-1,0
2020-04-20,"South Australia","SA",0,0,968,0,9,-1,0,0
2020-04-20,"Tasmania","TAS",5,0,377,5,0,1,0,0
2020-04-20,"Victoria","VIC",1,0,4000,1,8,-1,1,1
2020-04-20,"Western Australia","WA",0,0,581,0,9,-1,0,0
2020-04-21,"Australian Capital Territory","ACT",0,0,63,0,1,0,0,0
2020-04-21,"New South Wales","NSW",6,1,2502,6,399,2,-1,2
2020-04-21,"Northern Territory","NT",0,0,79,0,4,-2,0,0
2020-04-21,"Queensland","QLD",5,0,1600,5,0,1,0,-1
2020-04-21,"South Australia","SA",2,0,1217,2,13,-1,0,0
2020-04-21,"Tasmania","TAS",1,0,4,1,6,-2,-1,0
2020-04-21,"Victoria","VIC",7,0,2000,7,6,0,1,0
2020-04-21,"Western Australia","WA",1,0,643,1,8,-1,-1,0
2020-04-22,"Australian Capital Territory","ACT",0,0,130,0,1,0,0,0
2020-04-22,"New South Wales","NSW",2,2,4291,2,171,-5,-1,-1
2020-04-22,"Northern Territory","NT",0,0,162,0,1,0,0,0
2020-04-22,"Queensland","QLD",0,0,2698,0,0,-1,0,0
2020-04-22,"South Australia","SA",1,0,1743,1,12,-1,0,0
2020-04-22,"Tasmania","TAS",4,0,547,4,6,1,0,0
2020-04-22,"Victoria","VIC",0,0,2000,0,41,2,1,-1
2020-04-22,"Western Australia","WA",0,0,1028,0,8,-1,0,0
2020-04-23,"Australian Capital Territory","ACT",0,0,111,0,0,0,0,0
2020-04-23,"New South Wales","NSW",5,1,5645,5,80,-3,1,-1
2020-04-23,"Northern Territory","NT",0,0,73,0,0,-1,0,0
2020-04-23,"Queensland","QLD",2,0,2531,2,0,0,0,0
2020-04-23,"South Australia","SA",0,0,1489,0,6,0,1,0
2020-04-23,"Tasmania","TAS",0,0,359,0,9,-2,0,0
2020-04-23,"Victoria","VIC",1,1,3000,1,8,-3,-3,-1
2020-04-23,"Western Australia","WA",0,0,1010,0,7,-1,0,0
2020-04-24,"Australian Capital Territory","ACT",1,0,73,1,4,0,0,0
2020-04-24,"New South Wales","NSW",6,1,7352,6,50,-4,-2,-1
2020-04-24,"Northern Territory","NT",0,0,75,0,4,-3,0,0
2020-04-24,"Queensland","QLD",0,0,2278,0,0,-2,-1,0
2020-04-24,"South Australia","SA",0,0,1669,0,7,0,0,0
2020-04-24,"Tasmania","TAS",2,1,276,2,17,0,-1,0
2020-04-24,"Victoria","VIC",6,0,3000,6,3,0,1,0
2020-04-24,"Western Australia","WA",2,1,988,2,6,-4,-1,0
2020-04-25,"Australian Capital Territory","ACT",1,0,298,1,1,0,1,0
2020-04-25,"New South Wales","NSW",12,1,4840,12,137,-4,0,0
2020-04-25,"Northern Territory","NT",0,0,69,0,0,-5,0,0
2020-04-25,"Queensland","QLD",0,0,2080,0,65,0,0,0
2020-04-25,"South Australia","SA",0,0,1140,0,1,0,0,0
2020-04-25,"Tasmania","TAS",1,1,399,1,11,-2,0,0
2020-04-25,"Victoria","VIC",3,0,2000,3,8,-3,0,0
2020-04-25,"Western Australia","WA",1,0,1061,1,14,4,0,0
2020-04-26,"Australian Capital Territory","ACT",0,0,148,0,1,0,0,0
2020-04-26,"New South Wales","NSW",8,0,5459,8,15,-2,0,0
2020-04-26,"Northern Territory","NT",0,0,42,0,3,0,0,0
2020-04-26,"Queensland","QLD",4,0,1365,4,123,0,0,-1
2020-04-26,"South Australia","SA",0,0,1135,0,9,0,0,0
2020-04-26,"Tasmania","TAS",4,1,437,4,6,-1,1,0
2020-04-26,"Victoria","VIC",3,1,3000,3,3,-3,-1,-2
2020-04-26,"Western Australia","WA",0,0,606,0,8,-8,0,0
2020-04-27,"Australian Capital Territory","ACT",0,0,216,0,1,0,0,0
2020-04-27,"New South Wales","NSW",2,0,4416,2,19,-2,0,0
2020-04-27,"Northern Territory","NT",0,0,14,0,0,0,0,0
2020-04-27,"Queensland","QLD",3,0,1105,3,0,-3,0,1
2020-04-27,"South Australia","SA",0,0,612,0,3,0,0,0
2020-04-27,"Tasmania","TAS",2,0,665,2,9,1,0,0
2020-04-27,"Victoria","VIC",0,0,3000,0,15,2,1,1
2020-04-27,"Western Australia","WA",0,0,586,0,0,0,0,0
2020-04-28,"Australian Capital Territory","ACT",0,0,246,0,1,0,0,0
2020-04-28,"New South Wales","NSW",5,5,4114,5,16,-2,0,0
2020-04-28,"Northern Territory","NT",0,0,93,0,0,0,0,0
2020-04-28,"Queensland","QLD",0,0,2240,0,8,-1,0,0
2020-04-28,"South Australia","SA",0,0,799,0,6,0,0,0
2020-04-28,"Tasmania","TAS",4,0,761,4,3,0,-1,0
2020-04-28,"Victoria","VIC",2,0,5049,2,-1,0,0,0
2020-04-28,"Western Australia","WA",1,0,314,1,9,0,0,0
2020-04-29,"Australian Capital Territory","ACT",0,0,94,0,0,-1,-1,0
2020-04-29,"New South Wales","NSW",7,1,5414,7,23,-5,-2,-1
2020-04-29,"Northern Territory","NT",0,0,83,0,2,-2,0,0
2020-04-29,"Queensland","QLD",1,0,3183,1,0,-2,0,0
2020-04-29,"South Australia","SA",0,0,1335,0,0,0,0,0
2020-04-29,"Tasmania","TAS",1,0,753,1,2,0,0,0
2020-04-29,"Victoria","VIC",3,1,2043,3,8,-4,-2,0
2020-04-29,"Western Australia","WA",1,0,826,1,5,-2,0,0
2020-04-30,"Australian Capital Territory","ACT",0,0,232,0,2,0,0,0
2020-04-30,"New South Wales","NSW",0,0,7387,0,18,-1,-2,-1
2020-04-30,"Northern Territory","NT",0,0,111,0,0,0,0,0
2020-04-30,"Queensland","QLD",-1,0,3187,-1,9,-1,0,-2
2020-04-30,"South Australia","SA",0,0,2006,0,0,-1,-1,0
2020-04-30,"Tasmania","TAS",2,2,1011,2,7,0,0,0
2020-04-30,"Victoria","VIC",7,0,4026,7,4,-1,0,-1
2020-04-30,"Western Australia","WA",0,0,1271,0,7,-1,-1,0
2020-05-01,"Australian Capital Territory","ACT",0,0,307,0,0,0,0,0
2020-05-01,"New South Wales","NSW",10,1,7038,10,9,0,-1,-1
2020-05-01,"Northern Territory","NT",0,0,111,0,-1,0,0,0
2020-05-01,"Queensland","QLD",0,0,2880,0,5,0,-2,0
2020-05-01,"South Australia","SA",0,0,1247,0,2,0,0,0
2020-05-01,"Tasmania","TAS",0,0,1065,0,9,-2,0,0
2020-05-01,"Victoria","VIC",3,0,8589,3,2,-2,-2,0
2020-05-01,"Western Australia","WA",0,0,3990,0,4,-2,0,0
2020-05-02,"Australian Capital Territory","ACT",0,0,262,0,0,0,0,0
2020-05-02,"New South Wales","NSW",5,0,8810,5,7,1,0,0
2020-05-02,"Northern Territory","NT",2,0,78,2,0,2,0,0
2020-05-02,"Queensland","QLD",1,0,2584,1,17,-1,0,0
2020-05-02,"South Australia","SA",0,0,1165,0,5,0,-1,0
2020-05-02,"Tasmania","TAS",0,0,855,0,4,1,0,0
2020-05-02,"Victoria","VIC",7,0,5521,7,7,-4,0,0
2020-05-02,"Western Australia","WA",0,0,3440,0,9,-3,0,0
2020-05-03,"Australian Capital Territory","ACT",0,0,159,0,0,0,0,0
2020-05-03,"New South Wales","NSW",4,1,7234,4,6,-1,0,-1
2020-05-03,"Northern Territory","NT",0,0,107,0,0,0,0,0
2020-05-03,"Queensland","QLD",1,0,1997,1,11,-1,0,0
2020-05-03,"South Australia","SA",0,0,934,0,0,0,0,0
2020-05-03,"Tasmania","TAS",0,0,953,0,1,-2,0,0
2020-05-03,"Victoria","VIC",13,0,9205,13,0,0,0,0
2020-05-03,"Western Australia","WA",0,1,935,0,3,0,0,0
2020-05-04,"Australian Capital Territory","ACT",1,0,226,1,0,0,0,0
2020-05-04,"New South Wales","NSW",-2,1,5571,-2,22,0,0,-1
2020-05-04,"Northern Territory","NT",0,0,27,0,0,0,0,0
2020-05-04,"Queensland","QLD",3,0,1052,3,4,0,0,-1
2020-05-04,"South Australia","SA",0,0,567,0,0,0,0,0
2020-05-04,"Tasmania","TAS",0,0,574,0,6,-3,1,1
2020-05-04,"Victoria","VIC",22,0,8228,22,10,-1,-1,1
2020-05-04,"Western Australia","WA",0,0,862,0,4,-1,0,0
2020-05-05,"Australian Capital Territory","ACT",0,0,201,0,0,0,0,0
2020-05-05,"New South Wales","NSW",2,1,5296,2,21,-2,-1,1
2020-05-05,"Northern Territory","NT",0,0,70,0,2,-2,0,0
2020-05-05,"Queensland","QLD",5,0,1071,5,0,0,0,0
2020-05-05,"South Australia","SA",0,0,803,0,1,-1,0,0
2020-05-05,"Tasmania","TAS",2,0,661,2,1,0,0,0
2020-05-05,"Victoria","VIC",17,0,5316,17,1,1,0,-1
2020-05-05,"Western Australia","WA",0,0,1124,0,1,0,0,0
2020-05-06,"Australian Capital Territory","ACT",0,0,273,0,0,0,0,0
2020-05-06,"New South Wales","NSW",7,0,7256,7,69,0,0,-2
2020-05-06,"Northern Territory","NT",0,0,78,0,0,0,0,0
2020-05-06,"Queensland","QLD",0,0,2483,0,5,0,0,0
2020-05-06,"South Australia","SA",0,0,1512,0,2,0,0,0
2020-05-06,"Tasmania","TAS",0,0,459,0,3,0,0,0
2020-05-06,"Victoria","VIC",17,0,10100,17,10,-4,0,0
2020-05-06,"Western Australia","WA",0,0,1739,0,0,0,0,0
2020-05-07,"Australian Capital Territory","ACT",0,0,376,0,0,0,0,0
2020-05-07,"New South Wales","NSW",2,0,10545,2,45,-1,-3,-1
2020-05-07,"Northern Territory","NT",0,0,114,0,1,-1,0,0
2020-05-07,"Queensland","QLD",2,0,4694,2,4,-1,-1,0
2020-05-07,"South Australia","SA",1,0,1516,1,3,0,0,0
2020-05-07,"Tasmania","TAS",2,0,758,2,2,0,0,0
2020-05-07,"Victoria","VIC",15,0,14430,15,1,0,0,0
2020-05-07,"Western Australia","WA",0,0,1460,0,3,-1,0,0
2020-05-08,"Australian Capital Territory","ACT",0,0,479,0,0,0,0,0
2020-05-08,"New South Wales","NSW",3,0,9461,3,23,-1,0,0
2020-05-08,"Northern Territory","NT",0,0,150,0,0,0,0,0
2020-05-08,"Queensland","QLD",0,0,4297,0,5,1,0,0
2020-05-08,"South Australia","SA",0,0,1510,0,0,0,0,0
2020-05-08,"Tasmania","TAS",0,0,573,0,5,0,0,0
2020-05-08,"Victoria","VIC",14,0,16758,14,10,0,0,-1
2020-05-08,"Western Australia","WA",1,0,1473,1,3,-2,-2,0
2020-05-09,"Australian Capital Territory","ACT",0,0,317,0,0,0,0,0
2020-05-09,"New South Wales","NSW",4,0,13692,4,18,-3,-2,-1
2020-05-09,"Northern Territory","NT",0,0,122,0,0,0,0,0
2020-05-09,"Queensland","QLD",0,0,3821,0,25,0,0,0
2020-05-09,"South Australia","SA",0,0,1335,0,0,-1,0,0
2020-05-09,"Tasmania","TAS",0,0,541,0,4,0,0,0
2020-05-09,"Victoria","VIC",10,0,16640,10,4,-1,0,0
2020-05-09,"Western Australia","WA",0,0,1738,0,2,0,0,0
2020-05-10,"Australian Capital Territory","ACT",0,0,463,0,1,0,0,0
2020-05-10,"New South Wales","NSW",2,0,9515,2,11,-7,0,0
2020-05-10,"Northern Territory","NT",0,0,106,0,0,0,0,0
2020-05-10,"Queensland","QLD",0,0,2790,0,0,-1,0,0
2020-05-10,"South Australia","SA",0,0,1166,0,1,0,0,0
2020-05-10,"Tasmania","TAS",0,0,197,0,6,0,0,0
2020-05-10,"Victoria","VIC",10,0,16984,10,10,0,-1,0
2020-05-10,"Western Australia","WA",0,0,1195,0,0,0,0,0
2020-05-11,"Australian Capital Territory","ACT",0,0,202,0,0,0,0,0
2020-05-11,"New South Wales","NSW",0,0,5258,0,2,7,-1,0
2020-05-11,"Northern Territory","NT",0,0,32,0,0,0,0,0
2020-05-11,"Queensland","QLD",0,0,1203,0,2,-1,0,0
2020-05-11,"South Australia","SA",0,0,969,0,0,0,0,0
2020-05-11,"Tasmania","TAS",0,0,806,0,-2,0,-1,-1
2020-05-11,"Victoria","VIC",7,0,18437,7,14,0,0,0
2020-05-11,"Western Australia","WA",0,0,340,0,0,0,0,0
2020-05-12,"Australian Capital Territory","ACT",0,0,428,0,0,0,0,0
2020-05-12,"New South Wales","NSW",0,0,6048,0,26,-1,1,1
2020-05-12,"Northern Territory","NT",0,0,119,0,0,0,0,0
2020-05-12,"Queensland","QLD",6,0,1883,6,6,0,0,0
2020-05-12,"South Australia","SA",0,0,889,0,0,0,0,0
2020-05-12,"Tasmania","TAS",0,0,188,0,2,0,0,0
2020-05-12,"Victoria","VIC",13,0,13125,13,16,1,-1,0
2020-05-12,"Western Australia","WA",1,0,128,1,1,-2,0,0
2020-05-13,"Australian Capital Territory","ACT",0,0,270,0,0,0,0,0
2020-05-13,"New South Wales","NSW",6,1,8117,6,28,3,-1,-1
2020-05-13,"Northern Territory","NT",0,0,113,0,0,0,0,0
2020-05-13,"Queensland","QLD",0,0,3148,0,1,0,0,0
2020-05-13,"South Australia","SA",0,0,1689,0,0,0,0,0
2020-05-13,"Tasmania","TAS",0,0,549,0,2,0,0,0
2020-05-13,"Victoria","VIC",5,0,14804,5,9,1,2,0
2020-05-13,"Western Australia","WA",0,0,2408,0,1,-1,0,0
2020-05-14,"Australian Capital Territory","ACT",0,0,429,0,0,0,0,0
2020-05-14,"New South Wales","NSW",4,0,9747,4,24,1,1,-1
2020-05-14,"Northern Territory","NT",0,0,0,0,0,0,0,0
2020-05-14,"Queensland","QLD",1,0,3142,1,1,0,0,0
2020-05-14,"South Australia","SA",0,0,1568,0,0,0,0,0
2020-05-14,"Tasmania","TAS",0,0,569,0,0,0,0,0
2020-05-14,"Victoria","VIC",9,0,16186,9,0,0,0,0
2020-05-14,"Western Australia","WA",1,0,2633,1,0,0,0,0
2020-05-15,"Australian Capital Territory","ACT",0,0,427,0,0,0,0,0
2020-05-15,"New South Wales","NSW",8,0,12212,8,10,-1,-1,-1
2020-05-15,"Northern Territory","NT",0,0,357,0,0,0,0,0
2020-05-15,"Queensland","QLD",2,0,3425,2,1,-1,0,0
2020-05-15,"South Australia","SA",0,0,1665,0,1,0,0,0
2020-05-15,"Tasmania","TAS",1,0,432,1,3,-2,0,0
2020-05-15,"Victoria","VIC",20,0,20018,20,22,0,1,1
2020-05-15,"Western Australia","WA",0,0,1981,0,0,0,0,0
2020-05-16,"Australian Capital Territory","ACT",0,0,361,0,0,0,0,0
2020-05-16,"New South Wales","NSW",3,0,9892,3,6,0,-1,-2
2020-05-16,"Northern Territory","NT",0,0,142,0,0,0,0,0
2020-05-16,"Queensland","QLD",1,0,3247,1,6,-1,0,0
2020-05-16,"South Australia","SA",0,0,1770,0,0,0,0,0
2020-05-16,"Tasmania","TAS",0,0,515,0,5,1,0,0
2020-05-16,"Victoria","VIC",11,0,14511,11,10,2,0,1
2020-05-16,"Western Australia","WA",2,0,1398,2,3,0,-1,0
2020-05-17,"Australian Capital Territory","ACT",0,0,204,0,0,0,0,0
2020-05-17,"New South Wales","NSW",1,0,7104,1,1,0,1,1
2020-05-17,"Northern Territory","NT",0,0,112,0,0,0,0,0
2020-05-17,"Queensland","QLD",0,0,2366,0,1,0,-1,-1
2020-05-17,"South Australia","SA",0,0,1105,0,0,0,0,0
2020-05-17,"Tasmania","TAS",0,0,282,0,0,1,0,0
2020-05-17,"Victoria","VIC",7,0,14249,7,0,0,0,0
2020-05-17,"Western Australia","WA",1,0,1052,1,2,0,0,0
2020-05-18,"Australian Capital Territory","ACT",0,0,232,0,0,0,0,0
2020-05-18,"New South Wales","NSW",1,1,9039,1,0,0,-1,-2
2020-05-18,"Northern Territory","NT",0,0,47,0,0,0,0,0
2020-05-18,"Queensland","QLD",2,0,1535,2,1,-1,-1,-1
2020-05-18,"South Australia","SA",0,0,783,0,0,0,0,0
2020-05-18,"Tasmania","TAS",0,0,360,0,2,-2,0,0
2020-05-18,"Victoria","VIC",6,0,7071,6,22,-2,-2,-2
2020-05-18,"Western Australia","WA",0,0,841,0,2,0,0,0
2020-05-19,"Australian Capital Territory","ACT",0,0,158,0,0,0,0,0
2020-05-19,"New South Wales","NSW",2,1,5304,2,2,0,-1,0
2020-05-19,"Northern Territory","NT",0,0,100,0,0,0,0,0
2020-05-19,"Queensland","QLD",0,0,2886,0,1,0,0,0
2020-05-19,"South Australia","SA",0,0,1097,0,0,0,0,0
2020-05-19,"Tasmania","TAS",0,0,351,0,1,0,0,0
2020-05-19,"Victoria","VIC",6,0,12830,6,15,2,0,0
2020-05-19,"Western Australia","WA",0,0,1110,0,0,0,0,0
2020-05-20,"Australian Capital Territory","ACT",0,0,264,0,0,0,0,0
2020-05-20,"New South Wales","NSW",3,0,7093,3,17,-2,-2,0
2020-05-20,"Northern Territory","NT",0,0,156,0,1,0,0,0
2020-05-20,"Queensland","QLD",1,0,4919,1,1,0,0,0
2020-05-20,"South Australia","SA",0,0,1688,0,0,0,0,0
2020-05-20,"Tasmania","TAS",0,0,430,0,0,0,0,0
2020-05-20,"Victoria","VIC",7,0,9152,7,11,-1,0,0
2020-05-20,"Western Australia","WA",0,0,1995,0,0,0,0,0
2020-05-21,"Australian Capital Territory","ACT",0,0,204,0,0,0,0,0
2020-05-21,"New South Wales","NSW",1,0,6652,1,17,0,0,0
2020-05-21,"Northern Territory","NT",0,0,136,0,1,-1,0,0
2020-05-21,"Queensland","QLD",0,0,3317,0,0,0,0,0
2020-05-21,"South Australia","SA",0,0,1988,0,0,0,0,0
2020-05-21,"Tasmania","TAS",0,0,421,0,1,-1,0,0
2020-05-21,"Victoria","VIC",1,0,11401,1,8,0,0,0
2020-05-21,"Western Australia","WA",0,0,1998,0,0,-1,0,0
2020-05-22,"Australian Capital Territory","ACT",0,0,337,0,0,0,0,0
2020-05-22,"New South Wales","NSW",2,1,11693,2,0,0,-2,-1
2020-05-22,"Northern Territory","NT",0,0,0,0,0,0,0,0
2020-05-22,"Queensland","QLD",0,0,2986,0,0,0,0,0
2020-05-22,"South Australia","SA",0,0,1700,0,0,0,0,0
2020-05-22,"Tasmania","TAS",0,0,188,0,2,-1,0,0
2020-05-22,"Victoria","VIC",12,0,14430,12,6,0,0,0
2020-05-22,"Western Australia","WA",0,0,1664,0,0,0,0,0
2020-05-23,"Australian Capital Territory","ACT",0,0,314,0,0,0,0,0
2020-05-23,"New South Wales","NSW",2,0,8995,2,5,-3,0,0
2020-05-23,"Northern Territory","NT",0,0,296,0,0,0,0,0
2020-05-23,"Queensland","QLD",2,0,2349,2,1,0,0,0
2020-05-23,"South Australia","SA",0,0,1362,0,0,-1,0,0
2020-05-23,"Tasmania","TAS",0,0,363,0,0,0,0,0
2020-05-23,"Victoria","VIC",9,1,5723,9,5,0,-2,-1
2020-05-23,"Western Australia","WA",3,0,2178,3,4,0,0,0
2020-05-24,"Australian Capital Territory","ACT",0,0,193,0,0,0,0,0
2020-05-24,"New South Wales","NSW",1,0,6809,1,0,-1,0,0
2020-05-24,"Northern Territory","NT",0,0,112,0,0,-1,0,0
2020-05-24,"Queensland","QLD",1,0,1652,1,0,0,0,0
2020-05-24,"South Australia","SA",0,0,995,0,0,0,0,0
2020-05-24,"Tasmania","TAS",0,0,192,0,1,0,0,0
2020-05-24,"Victoria","VIC",1,0,21420,1,14,-1,0,0
2020-05-24,"Western Australia","WA",0,0,1160,0,0,0,0,0
2020-05-25,"Australian Capital Territory","ACT",0,0,246,0,0,0,0,0
2020-05-25,"New South Wales","NSW",3,0,4276,3,3,-1,0,0
2020-05-25,"Northern Territory","NT",0,0,16,0,0,0,0,0
2020-05-25,"Queensland","QLD",-5,0,1110,-5,-3,0,0,0
2020-05-25,"South Australia","SA",0,0,799,0,0,0,0,0
2020-05-25,"Tasmania","TAS",0,0,472,0,1,0,0,0
2020-05-25,"Victoria","VIC",2,0,11632,2,22,-1,0,0
2020-05-25,"Western Australia","WA",4,0,857,4,0,0,0,0
2020-05-26,"Australian Capital Territory","ACT",0,0,190,0,0,0,0,0
2020-05-26,"New South Wales","NSW",2,0,34021,2,5,-1,0,0
2020-05-26,"Northern Territory","NT",0,0,163,0,0,0,0,0
2020-05-26,"Queensland","QLD",1,0,1587,1,1,0,0,0
2020-05-26,"South Australia","SA",1,0,1139,1,0,0,0,0
2020-05-26,"Tasmania","TAS",0,0,585,0,2,0,0,0
2020-05-26,"Victoria","VIC",5,0,5528,5,13,0,0,0
2020-05-26,"Western Australia","WA",6,0,807,6,0,0,0,0
2020-05-27,"Australian Capital Territory","ACT",0,0,379,0,0,0,0,0
2020-05-27,"New South Wales","NSW",-3,0,7627,-3,2,0,0,0
2020-05-27,"Northern Territory","NT",0,0,132,0,0,0,0,0
2020-05-27,"Queensland","QLD",1,0,3810,1,5,0,0,0
2020-05-27,"South Australia","SA",0,0,2519,0,0,0,0,0
2020-05-27,"Tasmania","TAS",0,0,347,0,0,0,0,0
2020-05-27,"Victoria","VIC",8,0,33426,8,0,0,1,-2
2020-05-27,"Western Australia","WA",0,0,1858,0,0,0,0,0
2020-05-28,"Australian Capital Territory","ACT",0,0,494,0,0,0,0,0
2020-05-28,"New South Wales","NSW",1,0,9872,1,7,-1,0,0
2020-05-28,"Northern Territory","NT",0,0,170,0,0,0,0,0
2020-05-28,"Queensland","QLD",0,0,3668,0,1,0,0,0
2020-05-28,"South Australia","SA",0,0,909,0,0,0,0,0
2020-05-28,"Tasmania","TAS",0,0,997,0,0,0,0,0
2020-05-28,"Victoria","VIC",10,0,9861,10,13,0,-1,0
2020-05-28,"Western Australia","WA",7,0,3152,7,1,0,0,0
2020-05-29,"Australian Capital Territory","ACT",0,0,305,0,0,0,0,0
2020-05-29,"New South Wales","NSW",2,0,9962,2,-4,0,0,0
2020-05-29,"Northern Territory","NT",0,0,220,0,0,0,0,0
2020-05-29,"Queensland","QLD",0,0,1897,0,0,-3,0,0
2020-05-29,"South Australia","SA",0,0,2076,0,0,0,0,0
2020-05-29,"Tasmania","TAS",0,0,906,0,0,-2,0,0
2020-05-29,"Victoria","VIC",6,0,12392,6,3,-1,-1,0
2020-05-29,"Western Australia","WA",8,0,2420,8,1,0,0,0
2020-05-30,"Australian Capital Territory","ACT",0,0,418,0,0,0,0,0
2020-05-30,"New South Wales","NSW",0,0,9452,0,17,-1,0,0
2020-05-30,"Northern Territory","NT",0,0,164,0,0,0,0,0
2020-05-30,"Queensland","QLD",0,0,6126,0,0,0,0,0
2020-05-30,"South Australia","SA",0,0,2152,0,0,0,0,0
2020-05-30,"Tasmania","TAS",0,0,660,0,2,0,0,0
2020-05-30,"Victoria","VIC",11,0,8480,11,15,0,0,0
2020-05-30,"Western Australia","WA",1,0,3464,1,0,0,0,0
2020-05-31,"Australian Capital Territory","ACT",0,0,322,0,0,0,0,0
2020-05-31,"New South Wales","NSW",3,0,9827,3,2,-1,0,-1
2020-05-31,"Northern Territory","NT",0,0,138,0,0,0,0,0
2020-05-31,"Queensland","QLD",0,0,3375,0,1,0,0,-1
2020-05-31,"South Australia","SA",0,0,1425,0,0,0,0,0
2020-05-31,"Tasmania","TAS",0,0,489,0,1,0,0,0
2020-05-31,"Victoria","VIC",4,0,8126,4,-7,-1,0,0
2020-05-31,"Western Australia","WA",3,0,2328,3,1,0,0,0
2020-06-01,"Australian Capital Territory","ACT",0,0,311,0,0,0,0,0
2020-06-01,"New South Wales","NSW",3,0,5763,3,0,-1,0,0
2020-06-01,"Northern Territory","NT",0,0,20,0,0,0,0,0
2020-06-01,"Queensland","QLD",0,0,1930,0,0,0,0,0
2020-06-01,"South Australia","SA",0,0,905,0,0,0,0,0
2020-06-01,"Tasmania","TAS",0,0,402,0,1,0,0,0
2020-06-01,"Victoria","VIC",4,0,5850,4,3,0,-1,0
2020-06-01,"Western Australia","WA",2,0,2471,2,1,1,0,0
2020-06-02,"Australian Capital Territory","ACT",0,0,209,0,0,0,0,0
2020-06-02,"New South Wales","NSW",6,0,5424,6,2,1,0,0
2020-06-02,"Northern Territory","NT",0,0,166,0,0,0,0,0
2020-06-02,"Queensland","QLD",1,0,3024,1,0,1,0,1
2020-06-02,"South Australia","SA",0,0,2018,0,0,0,0,0
2020-06-02,"Tasmania","TAS",0,0,561,0,0,0,0,0
2020-06-02,"Victoria","VIC",10,0,5818,10,3,3,1,0
2020-06-02,"Western Australia","WA",0,0,947,0,0,1,0,0
2020-06-03,"Australian Capital Territory","ACT",0,0,265,0,0,0,0,0
2020-06-03,"New South Wales","NSW",0,0,7018,0,4,0,1,0
2020-06-03,"Northern Territory","NT",0,0,185,0,0,0,0,0
2020-06-03,"Queensland","QLD",0,0,3867,0,0,0,0,0
2020-06-03,"South Australia","SA",0,0,2160,0,0,0,0,0
2020-06-03,"Tasmania","TAS",0,0,706,0,1,0,0,0
2020-06-03,"Victoria","VIC",7,0,5148,7,6,0,0,0
2020-06-03,"Western Australia","WA",1,0,2964,1,4,-1,0,0
2020-06-04,"Australian Capital Territory","ACT",0,0,438,0,0,0,0,0
2020-06-04,"New South Wales","NSW",2,0,11365,2,9,0,-1,0
2020-06-04,"Northern Territory","NT",0,0,392,0,0,0,0,0
2020-06-04,"Queensland","QLD",1,0,4500,1,0,0,0,0
2020-06-04,"South Australia","SA",0,0,2325,0,1,0,0,0
2020-06-04,"Tasmania","TAS",0,0,747,0,0,0,0,0
2020-06-04,"Victoria","VIC",8,0,9683,8,15,-2,0,0
2020-06-04,"Western Australia","WA",0,0,4179,0,0,0,0,0
2020-06-05,"Australian Capital Territory","ACT",0,0,399,0,0,0,0,0
2020-06-05,"New South Wales","NSW",4,0,10171,4,14,-1,0,0
2020-06-05,"Northern Territory","NT",0,0,191,0,0,0,0,0
2020-06-05,"Queensland","QLD",0,0,4112,0,0,0,0,0
2020-06-05,"South Australia","SA",0,0,4752,0,0,0,0,0
2020-06-05,"Tasmania","TAS",0,0,750,0,0,0,0,0
2020-06-05,"Victoria","VIC",3,0,6768,3,2,0,-1,0
2020-06-05,"Western Australia","WA",4,0,5720,4,0,-1,0,0
2020-06-06,"Australian Capital Territory","ACT",0,0,396,0,0,0,0,0
2020-06-06,"New South Wales","NSW",0,0,12751,0,5,-1,-1,0
2020-06-06,"Northern Territory","NT",0,0,156,0,0,0,0,0
2020-06-06,"Queensland","QLD",1,0,3588,1,0,0,0,0
2020-06-06,"South Australia","SA",0,0,1878,0,0,0,0,0
2020-06-06,"Tasmania","TAS",0,0,470,0,0,0,0,0
2020-06-06,"Victoria","VIC",0,0,-12142,0,3,1,2,0
2020-06-06,"Western Australia","WA",3,0,4299,3,2,0,0,0
2020-06-07,"Australian Capital Territory","ACT",1,0,355,1,0,0,0,0
2020-06-07,"New South Wales","NSW",-1,0,9207,-1,4,0,0,0
2020-06-07,"Northern Territory","NT",0,0,124,0,0,0,0,0
2020-06-07,"Queensland","QLD",0,0,2964,0,0,0,0,0
2020-06-07,"South Australia","SA",0,0,1246,0,0,0,0,0
2020-06-07,"Tasmania","TAS",0,0,441,0,1,-1,0,0
2020-06-07,"Victoria","VIC",4,0,9140,4,4,-2,-1,0
2020-06-07,"Western Australia","WA",0,0,3397,0,0,0,0,0
2020-06-08,"Australian Capital Territory","ACT",0,0,196,0,0,0,0,0
2020-06-08,"New South Wales","NSW",3,0,5950,3,1,0,0,0
2020-06-08,"Northern Territory","NT",0,0,23,0,0,0,0,0
2020-06-08,"Queensland","QLD",1,0,1790,1,4,0,0,0
2020-06-08,"South Australia","SA",0,0,1053,0,0,0,0,0
2020-06-08,"Tasmania","TAS",0,0,299,0,0,0,0,0
2020-06-08,"Victoria","VIC",2,0,3752,2,2,1,0,0
2020-06-08,"Western Australia","WA",0,0,2990,0,0,0,0,0
2020-06-09,"Australian Capital Territory","ACT",0,0,292,0,0,0,0,0
2020-06-09,"New South Wales","NSW",2,0,4743,2,5,0,0,0
2020-06-09,"Northern Territory","NT",0,0,81,0,0,0,0,0
2020-06-09,"Queensland","QLD",0,0,2838,0,1,0,0,0
2020-06-09,"South Australia","SA",0,0,759,0,0,0,0,0
2020-06-09,"Tasmania","TAS",0,0,375,0,0,0,0,0
2020-06-09,"Victoria","VIC",0,0,4191,0,7,0,-1,0
2020-06-09,"Western Australia","WA",0,0,3890,0,1,0,0,0
2020-06-10,"Australian Capital Territory","ACT",0,0,436,0,0,0,0,0
2020-06-10,"New South Wales","NSW",3,0,5703,3,6,0,0,0
2020-06-10,"Northern Territory","NT",0,0,189,0,0,0,0,0
2020-06-10,"Queensland","QLD",0,0,6742,0,0,-1,0,0
2020-06-10,"South Australia","SA",0,0,1286,0,0,0,0,0
2020-06-10,"Tasmania","TAS",0,0,656,0,0,0,0,0
2020-06-10,"Victoria","VIC",4,0,9945,4,14,2,1,0
2020-06-10,"Western Australia","WA",2,0,4313,2,4,0,0,0
2020-06-11,"Australian Capital Territory","ACT",0,0,527,0,0,0,0,0
2020-06-11,"New South Wales","NSW",0,0,9746,0,3,1,0,0
2020-06-11,"Northern Territory","NT",0,0,192,0,0,0,0,0
2020-06-11,"Queensland","QLD",1,0,5125,1,0,0,0,0
2020-06-11,"South Australia","SA",0,0,2134,0,0,0,0,0
2020-06-11,"Tasmania","TAS",0,0,620,0,0,0,0,0
2020-06-11,"Victoria","VIC",8,0,6348,8,5,-3,-1,0
2020-06-11,"Western Australia","WA",0,0,6577,0,7,0,0,0
2020-06-12,"Australian Capital Territory","ACT",0,0,554,0,0,0,0,0
2020-06-12,"New South Wales","NSW",-2,0,15220,-2,5,0,0,0
2020-06-12,"Northern Territory","NT",0,0,278,0,0,0,0,0
2020-06-12,"Queensland","QLD",1,0,4944,1,0,1,0,0
2020-06-12,"South Australia","SA",0,0,2500,0,0,0,0,0
2020-06-12,"Tasmania","TAS",0,0,824,0,2,0,0,0
2020-06-12,"Victoria","VIC",4,0,8793,4,11,-1,0,0
2020-06-12,"Western Australia","WA",1,0,1214,1,4,0,0,0
2020-06-13,"Australian Capital Territory","ACT",0,0,287,0,0,0,0,0
2020-06-13,"New South Wales","NSW",4,0,14125,4,20,-1,0,0
2020-06-13,"Northern Territory","NT",0,0,123,0,0,0,0,0
2020-06-13,"Queensland","QLD",1,0,4852,1,0,0,0,-1
2020-06-13,"South Australia","SA",0,0,2060,0,0,0,0,0
2020-06-13,"Tasmania","TAS",0,0,510,0,0,-1,0,0
2020-06-13,"Victoria","VIC",8,0,9529,8,9,0,0,-1
2020-06-13,"Western Australia","WA",0,0,5615,0,0,0,0,0
2020-06-14,"Australian Capital Territory","ACT",0,0,438,0,0,0,0,0
2020-06-14,"New South Wales","NSW",9,0,13591,9,3,0,0,0
2020-06-14,"Northern Territory","NT",0,0,124,0,0,0,0,0
2020-06-14,"Queensland","QLD",0,0,3914,0,0,-1,0,0
2020-06-14,"South Australia","SA",0,0,1191,0,0,0,0,0
2020-06-14,"Tasmania","TAS",0,0,306,0,0,0,0,0
2020-06-14,"Victoria","VIC",9,0,8339,9,16,1,1,0
2020-06-14,"Western Australia","WA",0,0,1799,0,7,0,0,0
2020-06-15,"Australian Capital Territory","ACT",0,0,354,0,0,0,0,0
2020-06-15,"New South Wales","NSW",3,0,7201,3,0,0,0,0
2020-06-15,"Northern Territory","NT",0,0,24,0,0,0,0,0
2020-06-15,"Queensland","QLD",0,0,1695,0,0,0,0,0
2020-06-15,"South Australia","SA",0,0,840,0,0,0,0,0
2020-06-15,"Tasmania","TAS",0,0,157,0,0,0,0,0
2020-06-15,"Victoria","VIC",12,0,4012,12,4,1,1,0
2020-06-15,"Western Australia","WA",0,0,1513,0,9,0,0,0
2020-06-16,"Australian Capital Territory","ACT",0,0,266,0,0,0,0,0
2020-06-16,"New South Wales","NSW",3,0,7895,3,2,1,0,0
2020-06-16,"Northern Territory","NT",0,0,177,0,0,0,0,0
2020-06-16,"Queensland","QLD",0,0,3232,0,0,0,0,1
2020-06-16,"South Australia","SA",0,0,1243,0,0,0,0,0
2020-06-16,"Tasmania","TAS",0,0,2355,0,0,0,0,0
2020-06-16,"Victoria","VIC",9,0,5030,9,3,-1,-1,1
2020-06-16,"Western Australia","WA",0,0,0,0,0,0,0,0
2020-06-17,"Australian Capital Territory","ACT",0,0,591,0,1,0,0,0
2020-06-17,"New South Wales","NSW",1,0,11889,1,2,0,0,0
2020-06-17,"Northern Territory","NT",0,0,175,0,0,0,0,0
2020-06-17,"Queensland","QLD",1,0,5348,1,1,0,0,0
2020-06-17,"South Australia","SA",0,0,2306,0,0,0,0,0
2020-06-17,"Tasmania","TAS",0,0,-1470,0,2,0,0,0
2020-06-17,"Victoria","VIC",21,0,8931,21,7,-1,0,1
2020-06-17,"Western Australia","WA",0,0,5402,0,1,0,0,0
2020-06-18,"Australian Capital Territory","ACT",0,0,543,0,0,0,0,0
2020-06-18,"New South Wales","NSW",2,0,17392,2,0,-1,0,0
2020-06-18,"Northern Territory","NT",0,0,248,0,0,0,0,0
2020-06-18,"Queensland","QLD",0,0,4204,0,0,0,0,-1
2020-06-18,"South Australia","SA",0,0,2369,0,0,0,0,0
2020-06-18,"Tasmania","TAS",0,0,5039,0,0,0,0,0
2020-06-18,"Victoria","VIC",18,0,12400,18,0,-1,0,0
2020-06-18,"Western Australia","WA",1,0,3783,1,0,0,0,0
2020-06-19,"Australian Capital Territory","ACT",0,0,329,0,0,0,0,0
2020-06-19,"New South Wales","NSW",6,0,17363,6,0,0,0,0
2020-06-19,"Northern Territory","NT",0,0,155,0,0,0,0,0
2020-06-19,"Queensland","QLD",0,0,4180,0,1,0,-1,0
2020-06-19,"South Australia","SA",0,0,2198,0,0,0,0,0
2020-06-19,"Tasmania","TAS",0,0,600,0,0,0,0,0
2020-06-19,"Victoria","VIC",12,0,14671,12,9,1,0,0
2020-06-19,"Western Australia","WA",0,0,3212,0,0,0,0,0
2020-06-20,"Australian Capital Territory","ACT",0,0,264,0,0,0,0,0
2020-06-20,"New South Wales","NSW",1,0,16193,1,1,1,0,0
2020-06-20,"Northern Territory","NT",0,0,174,0,0,0,0,0
2020-06-20,"Queensland","QLD",0,0,3574,0,0,0,0,0
2020-06-20,"South Australia","SA",0,0,1690,0,0,0,0,0
2020-06-20,"Tasmania","TAS",0,0,827,0,0,0,0,0
2020-06-20,"Victoria","VIC",25,0,9504,25,6,1,1,-2
2020-06-20,"Western Australia","WA",1,0,2947,1,1,0,0,0
2020-06-21,"Australian Capital Territory","ACT",0,0,341,0,0,0,0,0
2020-06-21,"New South Wales","NSW",5,0,13643,5,0,-2,0,0
2020-06-21,"Northern Territory","NT",0,0,116,0,0,0,0,0
2020-06-21,"Queensland","QLD",0,0,2828,0,0,0,0,0
2020-06-21,"South Australia","SA",0,0,912,0,0,0,0,0
2020-06-21,"Tasmania","TAS",0,0,203,0,0,0,0,0
2020-06-21,"Victoria","VIC",19,0,15400,19,8,-1,-1,0
2020-06-21,"Western Australia","WA",1,0,2503,1,0,0,0,0
2020-06-22,"Australian Capital Territory","ACT",0,0,170,0,0,0,0,0
2020-06-22,"New South Wales","NSW",2,0,8852,2,0,0,0,0
2020-06-22,"Northern Territory","NT",0,0,33,0,0,0,0,0
2020-06-22,"Queensland","QLD",0,0,49207,0,0,0,0,0
2020-06-22,"South Australia","SA",0,0,880,0,0,0,0,0
2020-06-22,"Tasmania","TAS",0,0,269,0,0,0,0,0
2020-06-22,"Victoria","VIC",11,0,6314,11,7,2,0,0
2020-06-22,"Western Australia","WA",0,0,800,0,0,0,0,0
2020-06-23,"Australian Capital Territory","ACT",0,0,405,0,0,0,0,0
2020-06-23,"New South Wales","NSW",-1,0,8293,-1,0,1,0,0
2020-06-23,"Northern Territory","NT",0,0,312,0,0,0,0,0
2020-06-23,"Queensland","QLD",0,0,3635,0,0,0,0,0
2020-06-23,"South Australia","SA",0,0,1424,0,0,0,0,0
2020-06-23,"Tasmania","TAS",0,0,672,0,0,0,0,0
2020-06-23,"Victoria","VIC",17,0,8149,17,11,2,1,0
2020-06-23,"Western Australia","WA",2,0,2082,2,1,0,0,0
2020-06-24,"Australian Capital Territory","ACT",0,0,457,0,0,0,0,0
2020-06-24,"New South Wales","NSW",9,0,13278,9,0,-1,0,0
2020-06-24,"Northern Territory","NT",0,0,221,0,0,0,0,0
2020-06-24,"Queensland","QLD",0,0,6554,0,0,0,0,0
2020-06-24,"South Australia","SA",0,0,2036,0,0,0,0,0
2020-06-24,"Tasmania","TAS",0,0,1004,0,0,0,0,0
2020-06-24,"Victoria","VIC",20,1,20999,20,9,-2,-1,0
2020-06-24,"Western Australia","WA",0,0,3054,0,0,0,0,0
2020-06-25,"Australian Capital Territory","ACT",0,0,592,0,0,0,0,0
2020-06-25,"New South Wales","NSW",3,1,17175,3,5,0,0,0
2020-06-25,"Northern Territory","NT",0,0,226,0,0,0,0,0
2020-06-25,"Queensland","QLD",0,0,6497,0,1,0,0,0
2020-06-25,"South Australia","SA",0,0,2275,0,0,0,0,0
2020-06-25,"Tasmania","TAS",0,0,854,0,0,0,0,0
2020-06-25,"Victoria","VIC",33,0,20304,33,11,0,0,0
2020-06-25,"Western Australia","WA",1,0,3994,1,1,0,0,0
2020-06-26,"Australian Capital Territory","ACT",0,0,524,0,0,0,0,0
2020-06-26,"New South Wales","NSW",6,0,15278,6,6,-4,0,0
2020-06-26,"Northern Territory","NT",0,0,281,0,0,0,0,0
2020-06-26,"Queensland","QLD",1,0,7029,1,0,1,0,0
2020-06-26,"South Australia","SA",0,0,2222,0,0,0,0,0
2020-06-26,"Tasmania","TAS",0,0,861,0,0,0,0,0
2020-06-26,"Victoria","VIC",30,0,20168,30,10,-1,-1,0
2020-06-26,"Western Australia","WA",0,0,3135,0,0,0,0,0
2020-06-27,"Australian Capital Territory","ACT",0,0,311,0,0,0,0,0
2020-06-27,"New South Wales","NSW",6,0,23734,6,2,1,0,0
2020-06-27,"Northern Territory","NT",0,0,326,0,0,0,0,0
2020-06-27,"Queensland","QLD",0,0,5475,0,0,0,0,0
2020-06-27,"South Australia","SA",0,0,1719,0,0,0,0,0
2020-06-27,"Tasmania","TAS",0,0,554,0,0,0,0,0
2020-06-27,"Victoria","VIC",40,0,22103,40,19,-1,0,0
2020-06-27,"Western Australia","WA",0,0,0,0,0,0,0,0
2020-06-28,"Australian Capital Territory","ACT",0,0,644,0,0,0,0,0
2020-06-28,"New South Wales","NSW",3,0,18114,3,0,-2,0,0
2020-06-28,"Northern Territory","NT",0,0,277,0,0,0,0,0
2020-06-28,"Queensland","QLD",0,0,4830,0,0,-1,0,0
2020-06-28,"South Australia","SA",0,0,998,0,0,0,0,0
2020-06-28,"Tasmania","TAS",0,0,297,0,0,0,0,0
2020-06-28,"Victoria","VIC",41,0,17954,41,14,2,0,0
2020-06-28,"Western Australia","WA",1,0,0,1,0,0,0,0
2020-06-29,"Australian Capital Territory","ACT",0,0,274,0,0,0,0,0
2020-06-29,"New South Wales","NSW",7,0,11833,7,0,2,0,0
2020-06-29,"Northern Territory","NT",0,0,36,0,0,0,0,0
2020-06-29,"Queensland","QLD",0,0,2554,0,0,0,0,0
2020-06-29,"South Australia","SA",3,0,1065,3,0,0,0,0
2020-06-29,"Tasmania","TAS",0,0,381,0,0,0,0,0
2020-06-29,"Victoria","VIC",71,0,15381,71,14,2,0,0
2020-06-29,"Western Australia","WA",0,0,4996,0,1,0,0,0
2020-06-30,"Australian Capital Territory","ACT",0,0,311,0,0,0,0,0
2020-06-30,"New South Wales","NSW",5,0,12950,5,0,-1,0,0
2020-06-30,"Northern Territory","NT",0,0,62,0,0,0,0,0
2020-06-30,"Queensland","QLD",0,0,4512,0,0,0,0,0
2020-06-30,"South Australia","SA",0,0,1376,0,0,0,0,0
2020-06-30,"Tasmania","TAS",0,0,473,0,0,0,0,0
2020-06-30,"Victoria","VIC",60,0,17416,60,27,0,0,0
2020-06-30,"Western Australia","WA",2,0,3187,2,0,0,0,0
2020-07-01,"Australian Capital Territory","ACT",0,0,739,0,0,0,0,0
2020-07-01,"New South Wales","NSW",14,0,16243,14,3,-2,1,0
2020-07-01,"Northern Territory","NT",0,0,297,0,0,0,0,0
2020-07-01,"Queensland","QLD",0,0,5992,0,0,0,0,0
2020-07-01,"South Australia","SA",0,0,2274,0,0,0,0,0
2020-07-01,"Tasmania","TAS",0,0,377,0,0,0,0,0
2020-07-01,"Victoria","VIC",72,0,20682,72,23,6,1,0
2020-07-01,"Western Australia","WA",0,0,3337,0,2,0,0,0
2020-07-02,"Australian Capital Territory","ACT",0,0,865,0,0,0,0,0
2020-07-02,"New South Wales","NSW",8,0,18347,8,0,0,0,0
2020-07-02,"Northern Territory","NT",1,0,355,1,0,0,0,0
2020-07-02,"Queensland","QLD",0,0,5746,0,0,0,0,0
2020-07-02,"South Australia","SA",0,0,1923,0,0,0,0,0
2020-07-02,"Tasmania","TAS",0,0,1200,0,0,0,0,0
2020-07-02,"Victoria","VIC",72,0,26320,72,27,5,2,0
2020-07-02,"Western Australia","WA",0,0,3103,0,0,0,0,0
